,accession_number,title,date,country,collection,support_type,canvas_wrapping,media_type_1,media_type_2,media_type_3,wood_type_hardness,wood_type,wood_type_country,wood_type_locality,commentary_auxiliary_support,sight,length,width,area,corner_relationship_cracks_and_aux_support,parallel_relationship_cracks_and_aux_support,cracks_mechanically_induced,auxiliary_support_condition,media_condition,painting_support_condition,original_suppport,planar_auxiliary_support,warped_auxiliary_support,mould_auxiliary_support,surface_dirt_auxiliary_support,staining_auxiliary_support,insect_damage_auxiliary_support,accretions_auxiliary_support,indentations_auxiliary_support,prev_treatment_auxiliary_support,joins_unstable_auxiliary_support,joins_split_auxiliary_support,joins_not_flat_auxiliary_support,adhered_well_to_support,cracking_media,cleavage_media,flaking_media,losses_media,abrasions_media,surface_dirt_media,accretions_media,discolouration_media,overpainting_media,commercial_ground,artist_applied_ground,size_layer_visible,thickly_applied,thinly_applied,coloured_ground,id_sulphate,uniform_application,id_carbonate,ground_proprietary_paint,prev_treatment_ground,appears_plastic,appears_elastic,dry_cured,infilling,planar_painting_support,corner_distortions_painting_support,warped_painting_support,indentations_painting_support,good_tension_painting_support,holes_painting_support,loose_painting_support,tears_painting_support,taut_painting_support,surface_dirt_painting_support,mould_painting_support,staining_painting_support,overall_distortions_painting_support,insect_damage_painting_support,bottom_distortions_painting_support,rust_stains_on_support_painting_support,top_distortions_painting_support,deformation_around_tacks_staples_painting_support,tears_around_tacks_staples_painting_support,loss_of_tacks_insecure_support_painting_support
0,UPVMA-III.00240,ifugao warrior,1947,philippines,"vargas museum, university of the philippines",strainer original,,oil,,,,taguile,Philippines,local?,,635x 480,635.0,480.0,304800.0,none,none,blind cleavage due to water damage_x001D_stretcher bar ladder cracks_x001D_very brittle paint throughout_x001D__x001D__x001D_,2.0,1.0,2.0,1,1,0,0,1,0,0,0,1,1,1,1,0,1,1,1,1,1,1,1,1,0,1,0,0,1,0,0,0,0,0,0,0,1,0,1,1,0,1,0,0,0,1,0,0,0,0,1,1,1,0,0,0,1,0,1,0,0
1,UPVMA-III.00085,Guadalupe Ruins,1939,philippines,"vargas museum, university of the philippines",strainer original,to face edge,oil,,,soft? ,local? Philippines,,,,670 x 405,670.0,405.0,271350.0,circle,all edges,primary vertical_x001D_secondary horizontal_x001D_tented paint due to compressed support_x001D_overall net cracks (primary cracks= secondary cracks)_x001D_tight network of small cracks_x001D_cracks in thick & thin paint,0.0,0.0,1.0,1,0,1,0,1,0,1,0,1,1,1,0,0,0,1,1,1,1,0,1,1,1,0,0,1,0,0,1,0,0,0,0,0,0,0,1,1,0,0,1,0,0,1,0,0,0,1,1,0,1,1,0,0,1,0,1,0,0
2,"UPVMA-III.00292
",3:00 O'Clock Seascape,1948,philippines,"vargas museum, university of the philippines",strainer original,,oil,,,soft? ,local? Philippines,,,,320 x 370,320.0,370.0,118400.0,none,none,local loss of cohesion in binder_x001D__x001D__x001D__x001D__x001D_,2.0,1.0,1.0,1,0,0,0,0,0,0,0,0,1,1,0,0,0,0,0,0,1,0,1,0,1,0,0,1,0,0,1,0,0,1,0,0,0,0,1,1,0,0,0,0,1,1,0,0,0,1,1,1,1,0,0,0,1,0,0,0,0
3,"UPVMA-III.00126
","Kabulusan Beach, Laguna de Bay",1947,philippines,"vargas museum, university of the philippines",strainer original,to face edge,oil,,,hard?,,Philippines,local?,,400 x 500,400.0,500.0,200000.0,none,none,tented paint due to stretched support_x001D_tented paint due to compressed support_x001D_very brittle paint throughout_x001D_large network of cracks_x001D_cracks in thick paint_x001D_,1.0,1.0,0.0,1,0,1,0,1,1,0,0,1,1,1,0,0,1,1,1,1,1,1,1,1,0,0,0,1,0,0,0,0,0,1,0,0,0,0,1,1,0,0,0,1,1,0,1,0,1,0,0,0,0,1,0,0,1,0,0,1,1
4,"UPVMA-III.00161
",BSP President Jorge B. Vargas,1950,philippines,"vargas museum, university of the philippines",strainer original,,oil,,,soft? ,pine,,,,725-727 x 601,727.0,601.0,436927.0,none,cross bar,_x001D__x001D__x001D__x001D__x001D_,2.0,2.0,2.0,1,1,0,0,1,0,0,0,1,0,1,0,0,1,0,0,0,1,1,1,1,0,0,1,0,0,0,0,0,0,1,0,0,1,0,1,1,0,1,0,0,0,1,0,0,0,1,1,0,0,0,0,0,0,0,0,0,0
5,"UPVMA-III.00289
",Moro Datu,1954,philippines,"vargas museum, university of the philippines",strainer original,,oil,,,soft? ,pine,,,,605 x 450,605.0,450.0,272250.0,circle,left member,tented paint due to compressed support_x001D_local net cracks (primary cracks= secondary cracks)_x001D__x001D__x001D__x001D_,2.0,0.0,2.0,1,1,0,0,1,1,0,0,1,1,1,0,0,1,1,0,0,1,0,1,1,0,0,0,1,0,0,1,0,0,0,0,0,1,0,1,1,0,1,0,0,1,0,0,0,0,1,1,1,0,0,0,0,1,0,0,0,0
6,"UPVMA-III.00180
",Mater Dolorosa,1954,philippines,"vargas museum, university of the philippines",stretcher original,to side edge,oil,,,hard?,,Philippines,local?,coarse hand wood but well constructed with complex joins; hand or commercially made in philippines?,688 x 545,688.0,545.0,374960.0,none,none,middle bisector cracks_x001D_tented paint due to compressed support_x001D_stretcher bar ladder cracks_x001D__x001D__x001D_,2.0,2.0,2.0,1,1,0,0,1,1,0,0,1,1,1,1,0,1,1,0,0,0,1,1,1,0,0,0,1,0,0,0,0,0,1,1,0,0,0,1,1,0,0,0,0,0,0,0,0,0,0,0,1,1,0,0,0,1,0,1,0,0
7,"UPVMA-III.00177
",Day Begins,1942,philippines,"vargas museum, university of the philippines",strainer original,to side edge,oil,,,soft? ,pine,,,Appears to be a standard commercial strainer. locally produced but definitely pine. ,465 x 630,465.0,630.0,292950.0,none,none,tented paint due to compressed support_x001D_overall network cracks_x001D_stretcher bar edge cracks_x001D_vertical dominant_x001D_very brittle paint throughout_x001D_,2.0,1.0,1.0,1,1,0,0,1,0,0,1,1,1,1,1,0,0,1,1,1,1,0,1,0,0,0,1,0,0,1,0,0,0,1,0,0,1,0,1,1,0,1,0,0,0,0,1,0,1,0,0,0,0,0,0,0,0,0,0,0,0
8,"UPVMA-III.00205
",Seaside at Dawn,1967,philippines,"vargas museum, university of the philippines",strainer original,to face edge,oil,,,,taguile,Philippines,local?,, 603- 604 x 913-915,604.0,913.0,551452.0,circle,vertical members,primary vertical_x001D_stretcher bar ladder cracks_x001D_warp_x001D__x001D__x001D_,0.0,2.0,0.0,1,0,1,0,1,1,0,0,1,1,1,1,0,1,1,0,0,0,0,1,1,1,0,0,1,0,1,0,1,0,0,0,0,1,0,1,1,0,1,1,0,0,1,0,0,0,1,1,1,1,0,0,0,1,0,1,0,0
9,"UPVMA-III.00430
",Nipa Hut,1943,philippines,"vargas museum, university of the philippines",strainer original,,oil,,,,"ipil: younger variety straight grain, about 30 yrs old. older then chickcen wing shape. chichinu (chinese name:popular for furiniture) ",Philippines,local?,,622 x 467,622.0,467.0,290474.0,circle,none,tented paint due to compressed support_x001D_overall net cracks (primary cracks= secondary cracks)_x001D_large network of cracks_x001D_primary diagonal_x001D__x001D_,2.0,0.0,0.0,1,1,0,0,1,0,0,0,1,1,1,0,0,0,1,1,0,0,1,1,1,1,1,0,1,0,0,1,0,0,0,0,0,0,0,1,1,0,0,1,0,0,0,1,1,1,0,1,0,1,1,0,0,1,0,0,0,0
10,39/2521,vessandara jataka,1851-1868,thailand,"the national gallery, bangkok",,,tempera,pencil underdrawing,,,,,,,563 x 761,563.0,761.0,428443.0,none,none,local_x001D_local net cracks (primary cracks= secondary cracks)_x001D_tight network of small cracks_x001D_cracks in thick paint_x001D_solid support expanding: minor_x001D_,0.0,1.0,0.0,1,0,0,0,0,0,0,0,0,0,0,0,0,0,1,0,0,1,0,0,0,0,0,0,1,0,0,1,0,0,0,0,0,0,0,1,1,0,0,0,0,0,0,0,0,0,0,0,0,0,0,0,0,0,0,0,0,0
11,"UPVMA-III.000452
",Fisherman,1929,philippines,"vargas museum, university of the philippines",strainer original,to side edge,oil,,,soft? ,pine,,,appears to be commerically constructed,350 x 470,350.0,470.0,164500.0,circle,none,primary vertical_x001D_primary diagonal_x001D_stretcher bar ladder cracks_x001D_overall net cracks (primary cracks= secondary cracks)_x001D_large network of cracks_x001D_,2.0,1.0,2.0,1,1,1,0,0,1,0,0,0,1,1,1,0,1,1,0,1,1,0,1,0,0,0,1,0,0,0,0,0,0,1,0,0,0,0,1,1,0,0,0,0,0,1,1,0,0,1,1,0,1,0,0,0,1,0,1,0,0
12,"UPVMA-III.00293
",chinese mandolin player,1954,philippines,"vargas museum, university of the philippines",strainer original,to side edge,tempera,,,hard?,,Philippines,local?,pencil marks on strainer. custom made.,379 x 395 ,379.0,395.0,149705.0,none,none,tight network of small cracks_x001D_cracks in thin paint_x001D_local net cracks (primary cracks= secondary cracks)_x001D_local brittle paint_x001D__x001D_,2.0,1.0,2.0,1,0,0,0,1,1,0,0,1,1,1,0,0,0,0,0,1,1,0,1,1,1,0,1,0,0,0,1,0,0,1,0,0,0,0,1,1,0,0,0,0,1,0,0,0,0,0,1,0,1,0,0,1,0,0,0,0,0
13,"UPVMA-III.00269
",Igorot Man with a Pipe,1955,philippines,"vargas museum, university of the philippines",strainer original,,oil,,,hard?,,Philippines,local?,,508 x 386 x  10,508.0,386.0,196088.0,none,none,local net cracks (primary cracks= secondary cracks)_x001D__x001D__x001D__x001D__x001D_,1.0,2.0,1.0,1,1,0,0,1,1,1,0,1,1,1,0,0,1,0,0,0,0,0,1,0,0,0,0,1,0,0,1,0,0,0,0,0,1,0,1,1,0,1,0,0,0,1,0,0,0,1,0,1,1,0,0,0,1,0,1,0,0
14,"UPVMA-III.00338
",Foggy Heights Bungalow with Taal Volcano as Background,1950s (circa & undated),philippines,"vargas museum, university of the philippines",strainer original,,oil,,,soft? ,local? Philippines,,,,555 x 700 ,555.0,700.0,388500.0,none,none,overall loss of cohesion in binder_x001D_overall_x001D__x001D__x001D__x001D_,1.0,1.0,1.0,1,0,1,0,1,0,0,0,0,1,1,1,0,0,1,0,1,1,1,1,1,0,0,0,0,0,0,0,0,0,0,0,0,0,0,1,1,0,0,1,1,0,0,0,1,0,0,1,1,1,0,0,0,1,0,0,1,1
15,UPVMA - III.00296 ,FORT SANTIAGO,1945,philippines,"vargas museum, university of the philippines",strainer original,to face edge,oil,,,,"yellow taguile  and pine wood on top member (lauan) (now popoular available wood. but not so popoular then as narra, ipil more popular). philippines mohagany in US",Philippines,local?,,570 x 793,570.0,793.0,452010.0,circle,none,primary vertical_x001D_overall net cracks (primary cracks= secondary cracks)_x001D_middle bisector cracks_x001D_stretcher bar ladder cracks_x001D_very brittle paint throughout_x001D_tight network of small cracks,2.0,1.0,2.0,1,1,0,0,1,0,0,1,1,1,1,0,0,1,1,0,0,0,0,1,1,0,0,0,1,0,0,1,1,0,0,0,0,1,0,1,1,0,1,0,0,0,0,0,0,0,1,0,0,0,0,0,0,1,0,0,0,0
16,UPVMA - III.00003 ,ONE FOR THE ROAD,1954,philippines,"vargas museum, university of the philippines",strainer original,,oil,,,hard?,,Philippines,local,,415 x 547,415.0,547.0,227005.0,circle,none,primary horizontal_x001D_secondary vertical_x001D_overall net cracks (primary cracks= secondary cracks)_x001D_large network of cracks_x001D__x001D_,2.0,1.0,2.0,1,1,0,0,1,1,0,0,1,1,1,0,0,0,0,0,0,0,0,0,0,0,0,0,1,0,0,1,0,0,0,0,0,1,0,1,1,0,1,0,0,0,1,0,0,0,0,1,0,0,1,0,0,1,0,1,0,0
17,,unknown (sultan of selangor?),1927,malaysia,"national gallery of art, malaysia",stretcher original,to side edge,oil,,,,,,,no auxiliary support. removedfrom stretcher and location of original stretcher unknown. appears to be keyed stretcher from fading marks on reverse of canvas,,0.0,0.0,0.0,none,none,_x001D__x001D__x001D__x001D__x001D_,0.0,2.0,0.0,1,0,0,0,0,0,0,0,0,0,1,0,0,1,0,0,0,0,0,0,0,0,0,0,0,1,0,1,0,0,1,0,0,0,0,0,0,0,0,0,0,0,0,0,0,0,0,0,0,0,0,0,0,0,0,0,0,0
18,UPVMA - III.00058,president magasaysay becomes honourary tenderfoot boy scout,1954,philippines,"vargas museum, university of the philippines",stretcher original,to side edge,oil,pencil underdrawing,,,,Philippines,local?,,599 x 759,599.0,759.0,454641.0,circle,all edges,large network of cracks_x001D_primary horizontal and vertical_x001D_overall net cracks (primary cracks= secondary cracks)_x001D_stretcher bar ladder cracks_x001D_sigmoud cracks_x001D_tented paint due to compressed support,2.0,1.0,1.0,1,1,0,0,1,0,0,0,0,1,1,0,0,0,1,1,1,1,0,1,0,0,0,1,0,0,1,0,0,0,1,0,0,1,0,1,1,0,1,0,0,0,0,0,0,0,1,0,0,0,1,0,0,0,0,0,0,0
19,UPVMA - III.00055,oath taking of regent jorge b vargas,1941,philippines,"vargas museum, university of the philippines",stretcher original,to side edge,oil,,,hard?,,Philippines,local?,,,0.0,0.0,0.0,none,none,primary vertical_x001D_secondary horizontal_x001D_primary diagonal_x001D_cracks in thick paint_x001D__x001D_,2.0,2.0,2.0,1,0,0,0,1,0,0,0,0,1,1,1,0,1,1,0,0,1,0,1,1,0,0,1,0,0,0,1,0,0,1,0,0,0,0,1,1,0,0,0,1,0,0,0,0,0,0,1,0,1,1,0,0,0,0,0,0,0
20,UPVMA - III.00208 ,WAITING FOR THE WAVES,1948,philippines,"vargas museum, university of the philippines",strainer original,to face edge,oil,,,,,Philippines,local?,,390 x 495,390.0,495.0,193050.0,none,none,_x001D__x001D__x001D__x001D__x001D_,1.0,2.0,2.0,1,0,1,0,1,1,0,1,1,1,1,0,0,1,0,0,0,0,1,1,1,0,0,0,1,0,0,1,0,0,0,0,0,1,0,1,1,0,1,0,0,0,1,0,0,0,0,1,0,1,0,1,0,1,0,1,0,0
21,UPVMA - III.00239 ,Ifugao Girl,1947,philippines,"vargas museum, university of the philippines",strainer original,to face edge,oil,,,soft? ,pine,,,commerically made locally in philippines?,633 x 478,633.0,478.0,302574.0,none,none,very brittle paint throughout_x001D_primary diagonal_x001D__x001D__x001D__x001D_,2.0,1.0,0.0,1,1,0,0,1,0,0,0,1,1,1,0,0,0,1,1,1,1,0,1,0,0,0,0,1,0,1,0,0,0,0,0,0,1,0,1,1,0,1,0,0,0,1,0,0,0,0,1,0,1,0,0,0,1,0,0,0,0
22,38/2530,vessandara jataka,1851-1858,thailand,"the national gallery, bangkok",,to face edge,tempera,pencil underdrawing,,,,,,,565 x 751,565.0,751.0,424315.0,none,none,primary horizontal_x001D_secondary vertical_x001D_secondary diagonal_x001D_solid support expanding: minor_x001D_tight network of small cracks_x001D_cracks in thick paint,0.0,2.0,0.0,1,0,0,0,0,0,0,0,0,0,0,0,0,1,0,0,0,0,0,0,0,0,0,0,1,0,1,0,0,0,1,0,0,0,0,0,0,0,0,0,0,0,0,0,0,0,0,0,0,0,0,0,0,0,0,0,0,0
23,UPVMA - III.00432 ,GOING TO THE MARKET,1950,philippines,"vargas museum, university of the philippines",,,oil,,,,,,,,450 x 600,450.0,600.0,270000.0,none,none,primary diagonal_x001D__x001D__x001D__x001D__x001D_,0.0,2.0,2.0,1,0,0,0,0,0,0,0,0,1,0,0,0,1,0,1,0,0,0,1,1,0,0,1,0,0,0,1,0,0,1,0,0,1,0,1,1,0,1,1,0,0,0,0,0,0,0,0,0,0,0,0,0,0,0,0,0,0
24,UPVMA - III.00453,MORO DATU,1942,philippines,"vargas museum, university of the philippines",strainer original,to face edge,oil,,,soft? ,pine,,,appears to be commercial strainer. Philippines constrcution? Kendondong?,600 x 448,600.0,448.0,268800.0,circle,bottom member,tented paint due to compressed support_x001D_primary horizontal_x001D_very brittle paint throughout_x001D__x001D__x001D_,2.0,1.0,1.0,1,1,0,0,1,0,0,0,0,1,1,0,0,0,1,1,0,1,0,1,0,0,0,1,0,0,0,1,0,0,1,0,0,1,0,1,1,0,1,0,0,1,1,0,0,0,1,0,0,0,0,0,0,1,0,1,1,1
25,p0820,portrait of eugene chen,1935,singapore,National Heritage Board,,to face edge,oil,,,,,,,,,0.0,0.0,0.0,none,none,secondary diagonal_x001D_local net cracks (primary cracks= secondary cracks)_x001D__x001D__x001D__x001D_,0.0,2.0,0.0,1,0,0,0,0,0,0,0,0,1,0,0,0,1,0,0,1,1,0,0,1,0,0,0,1,1,0,1,0,0,0,0,0,0,0,1,0,0,0,0,0,0,0,0,0,0,0,0,0,0,0,0,0,0,0,0,0,0
26,1993.1626,nude study,1968,singapore,National Heritage Board,strainer new,,oil,,,,,Malay,local?,recently treated. details relate to new strainer.,924 x 652,924.0,652.0,602448.0,circle,all edges,very brittle paint throughout_x001D_due to changes or previous treatment_x001D_large network of cracks_x001D_primary diagonal_x001D__x001D_,2.0,1.0,1.0,0,1,1,0,0,0,0,0,0,1,1,0,0,1,1,1,0,1,0,0,1,1,0,1,0,0,0,0,0,0,1,0,0,0,0,1,1,0,0,0,0,1,0,0,0,0,0,1,0,1,0,0,0,0,0,0,0,0
27,96.0670,story teller,1962,singapore,National Heritage Board,strainer new,to face edge,oil,,,,meranti,Malay,local?,recently replaced strainer.,1218 x 690,1218.0,690.0,840420.0,none,none,overall net cracks (primary cracks= secondary cracks)_x001D_tented paint due to compressed support_x001D__x001D__x001D__x001D_,0.0,1.0,0.0,0,0,0,0,0,0,0,0,0,1,1,0,0,0,1,1,1,1,0,0,0,1,1,1,0,1,0,0,0,0,1,0,0,0,0,1,1,0,0,0,1,1,0,1,1,1,0,0,0,1,1,0,0,0,0,0,0,0
28,2000.1489,still life with H,1962,malaysia,National Heritage Board,strainer new,to face edge,oil,,,hard,,Malay,local?,,991.5 x 741,991.5,741.0,734701.5,none,all edges,primary horizontal and vertical_x001D_overall net cracks (primary cracks= secondary cracks)_x001D_large network of cracks_x001D_tight network of small cracks_x001D_overall loss of cohesion in binder_x001D_cracks in thick & thin paint,2.0,0.0,1.0,0,0,0,0,0,0,0,0,0,1,1,1,0,0,1,0,1,1,0,0,0,0,0,0,1,0,0,1,0,0,0,0,0,0,0,1,1,0,0,0,0,0,0,0,1,0,0,0,0,0,0,0,0,0,0,0,0,0
29,1997-00721,singapore waterfront by chinese school,1850s (circa & undated),singapore,National Heritage Board,stretcher original,to face edge,oil,,,soft? ,,,,,611 x 352,611.0,352.0,215072.0,none,all edges,_x001D_tented paint due to stretched support_x001D__x001D__x001D__x001D_,2.0,2.0,1.0,1,1,0,0,1,0,0,0,0,1,1,1,0,0,1,1,1,1,0,0,1,0,1,1,0,0,0,1,0,0,1,0,0,0,0,1,1,0,0,0,0,0,0,0,1,0,0,0,0,0,0,0,0,0,0,0,0,0
30,P-0818,Self Portrait,1934,singapore,National Heritage Board,,to face edge,oil,,,,,,,,470 x 389 x 64,470.0,389.0,182830.0,none,none,solid support expanding: minor_x001D__x001D__x001D__x001D__x001D_,0.0,3.0,2.0,1,0,0,0,0,0,0,0,0,1,0,0,0,0,0,0,0,0,0,0,0,0,0,0,1,1,0,1,0,0,1,0,0,0,0,1,1,0,0,0,1,0,0,0,0,0,0,0,0,0,0,0,0,0,0,0,0,0
31,P0062,kampong  Scene,1959,singapore,National Heritage Board,strainer new,,oil,,,,,Malay,local?,recently replaced,586.5 x 427,586.5,427.0,250435.5,none,none,cracks in thick paint_x001D_very brittle paint throughout_x001D__x001D__x001D__x001D_,2.0,2.0,2.0,0,0,0,0,0,0,0,0,0,1,0,0,0,0,0,0,0,0,0,0,0,0,0,1,0,0,0,1,0,0,1,0,0,0,0,1,1,0,0,0,0,0,0,0,0,0,0,0,0,1,0,0,0,0,0,0,0,0
32,P-0192,quiet river,1963,singapore,National Heritage Board,stretcher new,to face edge,oil,,,soft? ,pine?,,,previously on a stretcher/ strainer,,0.0,0.0,0.0,circle,all edges,cracks in thick paint_x001D_secondary vertical_x001D__x001D__x001D__x001D_,2.0,1.0,0.0,0,1,0,0,0,0,0,0,0,0,1,0,0,1,1,0,0,0,0,1,1,1,0,0,1,0,0,1,0,0,0,0,0,0,0,1,1,0,0,0,1,0,0,1,0,0,0,0,0,0,0,0,0,0,0,0,0,0
33,1993-00996,french lady,1931,singapore,National Heritage Board,,,oil,,,,,,,,598 x 448,598.0,448.0,267904.0,none,none,cracks in thick & thin paint_x001D__x001D__x001D__x001D__x001D_,0.0,2.0,0.0,1,0,0,0,0,0,0,0,0,1,0,0,1,1,1,0,0,1,0,0,0,0,1,1,1,0,0,1,0,0,1,0,0,0,1,0,0,0,0,0,0,0,0,0,0,0,0,0,0,0,0,0,0,0,0,0,0,0
34,P-0354p,semi abstract,1950s (circa & undated),singapore,National Heritage Board,strainer original,,oil,mixed media,,hard?,,Malay,local?,,500  x  660,500.0,660.0,330000.0,circle,none,local brittle paint_x001D_cracks in thick & thin paint_x001D_overall net cracks (primary cracks= secondary cracks)_x001D__x001D__x001D_,1.0,1.0,1.0,1,0,1,0,0,1,0,0,0,1,1,0,1,1,1,0,1,0,0,1,1,1,0,0,0,0,0,0,0,0,0,0,0,0,0,1,1,0,0,0,1,1,0,0,1,0,0,0,1,1,0,0,0,0,0,0,0,0
35,P-0800,coast of brittany,1958,singapore,National Heritage Board,strainer original,to side edge,oil,,,hard?,,Malay,local?,,,0.0,0.0,0.0,circle,none,_x001D__x001D__x001D__x001D__x001D_,1.0,3.0,2.0,1,0,1,0,0,0,1,0,1,1,1,0,0,0,1,0,0,0,0,0,0,0,0,1,0,0,0,0,0,0,1,0,0,1,1,0,0,0,1,0,0,0,0,0,0,0,0,1,0,1,0,0,0,0,0,0,0,0
36,P-0803,vegatables and claypot,1940,singapore,National Heritage Board,strainer original,to side edge,oil,,,hard?,,Malay,local?,,,0.0,0.0,0.0,none,horizontal members,primary horizontal_x001D_local brittle paint_x001D__x001D__x001D__x001D_,1.0,2.0,1.0,1,0,1,0,0,0,1,0,1,1,1,0,0,1,1,0,0,0,0,0,0,0,0,1,0,0,0,0,0,0,1,0,0,0,1,0,0,0,0,0,0,1,0,0,0,0,0,1,0,1,0,0,0,0,0,0,0,0
37,1994-04130,the meditating bhikku,1962,singapore,National Heritage Board,strainer original,to side edge,oil,,,hard?,,Malay,local?,warped at the trc & blc.,800 x 640,800.0,640.0,512000.0,none,all edges,due to changes or previous treatment_x001D__x001D__x001D__x001D__x001D_,1.0,3.0,3.0,1,0,1,0,0,0,0,0,1,0,1,1,0,0,0,0,0,0,1,0,0,0,0,1,0,0,0,1,0,0,1,0,0,1,1,0,0,0,1,0,0,0,0,0,0,0,1,0,0,1,0,0,0,0,0,0,0,0
38,1997-02909,market place during occupation,1942,philippines,National Heritage Board,stretcher original,to face edge,oil,pencil underdrawing,,hard?,,Philippines,local?,plananr sound condition.,574 x 816,574.0,816.0,468384.0,circle,all edges,overall net cracks (primary cracks= secondary cracks)_x001D__x001D__x001D__x001D__x001D_,2.0,2.0,2.0,1,1,0,0,0,0,0,0,0,0,1,1,0,1,1,1,0,0,1,0,1,0,0,0,1,0,1,0,1,0,0,0,1,1,1,0,0,0,1,0,0,0,0,0,0,0,0,0,0,0,0,0,0,0,0,0,0,0
39,2002-00414,crane,1960s (circa & undated),singapore,National Heritage Board,strainer new,to side edge,oil,,,hard?,,Malay,local?,,,0.0,0.0,0.0,circle,none,local net cracks (primary cracks= secondary cracks)_x001D_local brittle paint_x001D__x001D__x001D__x001D_,2.0,2.0,2.0,0,1,0,0,0,0,0,0,0,1,1,0,0,1,1,1,0,1,0,0,0,0,1,1,0,0,0,0,0,0,1,0,0,1,1,0,0,0,1,0,0,0,0,0,0,0,0,0,0,1,0,0,0,0,0,0,0,0
40,"1991-00279, P-1379",pago pago series- two standing figures,1969,malaysia,National Heritage Board,strainer new,to side edge,oil,,,soft? ,local? Malay,,,"appears to be ta new strainer. rusted tack holes in support do not correspond with current strainer. 
",883 x 660,883.0,660.0,582780.0,none,right member,very brittle paint throughout_x001D__x001D__x001D__x001D__x001D_,1.0,0.0,1.0,0,1,0,0,1,1,0,0,1,1,1,0,0,0,0,0,0,0,0,0,0,0,0,0,1,0,0,0,0,0,1,0,0,0,0,1,1,0,0,0,1,0,0,1,0,1,0,0,0,0,0,0,0,0,0,0,0,0
41,1994- 05002,four herds,1950-1960,singapore,National Heritage Board,strainer new,to face edge,acrylic,,,hard?,,Malay,local?,,,0.0,0.0,0.0,none,none,_x001D__x001D__x001D__x001D__x001D_,2.0,2.0,2.0,0,1,0,0,0,0,0,0,0,1,1,1,0,0,0,0,0,0,0,0,0,1,0,1,0,0,0,1,0,0,1,0,0,1,1,0,0,0,1,0,0,0,0,0,1,0,0,0,0,0,0,0,0,0,0,0,0,0
42,1995-02070,rocky coast,1950s (circa & undated),singapore,National Heritage Board,,,oil,mixed media,protein ground,,,,,original auxiliary support replaced by cardboard.,309 x 409,309.0,409.0,126381.0,circle,none,secondary horizontal_x001D_secondary vertical_x001D_local brittle paint_x001D_overall loss of cohesion in binder_x001D__x001D_,0.0,1.0,1.0,0,0,0,0,0,0,0,0,0,1,0,0,1,0,1,1,1,1,1,0,1,1,1,0,0,0,0,0,0,0,0,1,0,0,0,1,1,0,0,0,1,1,0,0,1,0,0,0,0,0,0,0,0,0,0,0,0,0
43,P--1211,marketing,1971,singapore,National Heritage Board,strainer new,to side edge,oil,,,hard?,,Malay,local?,original auxiliary support replaced. ,725 x 495,725.0,495.0,358875.0,none,right member,_x001D__x001D__x001D__x001D__x001D_,2.0,1.0,1.0,0,1,0,0,0,0,0,0,0,0,1,0,0,0,1,1,1,1,0,0,0,0,1,1,0,0,0,1,0,0,1,0,0,0,0,0,0,0,0,0,1,1,1,1,0,0,1,0,0,0,0,0,0,0,0,0,0,0
44,P--1225,indian children,1953,singapore,National Heritage Board,,,oil,,,,,,,original auxiliary support replaced by masonite board.,309 x 409,309.0,409.0,126381.0,circle,none,local brittle paint_x001D_local net cracks (primary cracks= secondary cracks)_x001D__x001D__x001D__x001D_,0.0,1.0,0.0,0,0,0,0,0,0,0,0,0,1,0,0,0,0,1,1,1,1,1,0,0,0,0,0,1,0,0,0,0,0,0,0,0,0,1,0,0,0,0,0,0,0,0,0,0,0,0,0,0,0,0,0,0,0,0,0,0,0
45,1993-01001,malay boy with birdcage,1961,singapore,National Heritage Board,,,oil,,,,,,,,595 x  495,595.0,495.0,294525.0,none,none,local net cracks (primary cracks= secondary cracks)_x001D_local brittle paint_x001D__x001D__x001D__x001D_,0.0,0.0,3.0,1,0,0,0,0,0,0,0,0,0,0,0,0,1,0,0,0,0,0,0,1,0,0,0,1,0,0,0,0,1,0,0,0,1,1,0,0,0,1,0,0,0,0,0,0,0,0,0,0,0,0,0,0,0,0,0,0,0
46,no number,unknown title,1953,singapore,National Heritage Board,stretcher new,to side edge,oil,,,soft? ,pine,,,,,0.0,0.0,0.0,circle,all edges,secondary horizontal_x001D_primary horizontal_x001D_local grid cracks (follows canvas weave)_x001D_sigmoud cracks_x001D__x001D_,2.0,2.0,2.0,0,1,0,0,0,0,0,0,0,1,1,1,0,1,1,0,0,0,0,0,0,0,0,1,0,0,0,1,0,0,0,0,0,0,1,0,0,0,0,0,0,0,0,0,0,0,0,0,0,0,0,0,0,0,0,0,0,0
47,1992-00744,portrait of a man,1944,singapore,National Heritage Board,strainer new,to side edge,oil,,,hard?,,Malay,local?,,714 x 531 x,714.0,531.0,379134.0,circle,horizontal members,local net cracks (primary cracks= secondary cracks)_x001D_local brittle paint_x001D__x001D__x001D__x001D_,2.0,2.0,1.0,0,0,0,0,0,0,0,0,0,1,1,1,0,0,1,0,1,0,0,0,0,0,0,1,0,0,0,1,0,0,0,0,0,0,0,1,1,0,0,0,0,0,0,0,0,0,1,0,0,1,0,0,0,0,0,0,0,0
48,1993-00997,red building,1952,singapore,National Heritage Board,,to face edge,oil,possibly water based under,,,,,,suport marouflaged to plywood,582 x 713,582.0,713.0,414966.0,none,none,primary vertical_x001D_overall loss of cohesion in binder_x001D__x001D__x001D__x001D_,0.0,0.0,1.0,0,0,0,0,0,0,0,0,0,0,0,0,1,0,0,0,0,0,0,1,1,0,1,0,0,0,0,1,0,0,0,0,0,0,1,0,0,0,0,0,1,1,0,0,1,0,0,0,0,0,0,0,0,0,0,0,0,0
49,1994.10,portrait of yeo chiew mooi (portrait of artist wife),1941,malaysia,"national gallery of art, malaysia",,to side edge,oil,,,,,,,work removed from original strainer and marouflaged to 3 ply.,759 x 639,759.0,639.0,485001.0,none,none,primary horizontal_x001D_secondary vertical_x001D_overall net cracks (primary cracks= secondary cracks)_x001D__x001D__x001D_,1.0,1.0,0.0,0,1,0,0,0,0,0,0,0,1,0,0,0,1,1,1,1,1,0,1,0,0,1,1,0,0,0,0,0,0,1,0,0,0,0,1,1,0,0,0,0,0,0,0,0,0,0,0,0,0,0,0,0,0,0,0,0,0
50,1987.9,ikan kerin,1940,malaysia,"national gallery of art, malaysia",strainer original,,oil,,,,ramin? local? Malay ,,,,,0.0,0.0,0.0,none,none,tented paint due to compressed support_x001D_secondary horizontal_x001D__x001D__x001D__x001D_,2.0,2.0,2.0,1,0,1,0,1,0,1,0,0,1,1,0,0,0,0,1,0,1,1,0,0,1,0,1,0,0,0,1,0,1,1,0,0,0,1,0,0,0,0,0,1,0,0,1,1,0,0,0,0,1,0,0,0,0,0,0,0,0
51,1966.1,landscape  i,1966,malaysia,"national gallery of art, malaysia",,to face edge,oil,,,,,,,orignal strainer replaced with plywood backing. marouflaged.,750 x 1000,750.0,1000.0,750000.0,circle,top member,overall net cracks (primary cracks= secondary cracks)_x001D_overall loss of cohesion in binder_x001D__x001D__x001D__x001D_,1.0,2.0,2.0,0,0,0,0,0,0,0,0,1,1,0,0,0,1,0,0,1,1,1,0,0,0,1,0,1,0,0,0,0,0,1,0,0,0,0,1,1,0,0,0,0,1,0,0,1,0,0,0,0,0,0,0,0,0,0,0,0,0
52,1990.17,the goose lady,1940,malaysia,"national gallery of art, malaysia",,,oil,,,,,,,orignal strainer replaced with plywood backing. marouflaged.,518 x 445,518.0,445.0,230510.0,none,none,primary horizontal_x001D__x001D__x001D__x001D__x001D_,1.0,0.0,0.0,0,0,0,0,1,0,0,1,1,1,0,0,0,0,0,0,0,0,0,0,0,0,1,1,0,0,0,0,0,1,1,0,0,1,1,0,0,0,1,0,0,0,0,1,0,0,0,1,0,1,0,0,0,0,0,0,0,0
53,1987.8,ibu dan anak (mother and child),1960,malaysia,"national gallery of art, malaysia",strainer original,to side edge,oil,,,hard?,,Malay,local?,hand constructed light weight and warped. not quite  providing adequate support.,,0.0,0.0,0.0,none,horizontal members,_x001D_primary vertical_x001D__x001D__x001D__x001D_,1.0,2.0,1.0,1,0,1,0,1,1,0,0,1,1,1,0,0,1,1,0,0,1,1,1,1,1,0,1,0,0,0,1,1,1,1,0,0,0,1,0,0,0,0,0,1,1,0,0,1,0,0,1,0,0,0,0,0,0,0,0,0,0
54,1981.15,mother (ibu),1960,malaysia,"national gallery of art, malaysia",strainer original,to side edge,oil,,,hard?,,Malay,local?,hand constructed.planar.  supporting work adequately. more competently made compared to earlier strainers.,,0.0,0.0,0.0,none,none,_x001D__x001D__x001D__x001D__x001D_,2.0,2.0,1.0,1,1,0,0,1,1,0,0,0,0,1,0,0,1,1,0,0,1,1,1,1,1,0,1,0,0,0,1,1,1,1,0,0,0,1,0,0,0,0,1,1,1,0,0,1,0,0,1,0,0,0,0,1,0,0,0,0,0
55,1990.18,the village,1935,malaysia,"national gallery of art, malaysia",,,oil,,,,,,,orignal strainer replaced with plywood backing. marouflaged.,,0.0,0.0,0.0,none,all edges,primary horizontal_x001D_cracks in thick & thin paint_x001D_secondary horizontal_x001D_overall net cracks (primary cracks= secondary cracks)_x001D__x001D_,1.0,0.0,0.0,0,0,0,0,1,0,0,1,1,1,0,0,0,1,1,0,0,1,1,1,0,0,1,0,0,0,0,0,0,0,0,0,0,1,1,0,0,0,1,0,0,0,0,1,0,0,0,1,0,1,0,0,0,0,0,0,0,0
56,1964.51,daun-dan agave,1964,malaysia,"national gallery of art, malaysia",strainer original,to side edge,oil,,,soft? ,local? Malay,,,original strainer. no bevel but turned upward to limit conact of strainer to support.,,0.0,0.0,0.0,none,all edges,primary diagonal_x001D_overall loss of cohesion in binder_x001D_overall net cracks (primary cracks= secondary cracks)_x001D__x001D__x001D_,0.0,1.0,1.0,1,0,1,0,0,0,0,1,1,1,1,0,0,0,1,0,0,1,1,1,0,0,0,0,1,0,0,1,0,0,0,0,0,1,0,1,1,0,1,0,0,0,0,1,0,0,0,1,0,1,0,0,0,0,0,0,0,0
57,1984.4,old railway pier penang,1955,malaysia,"national gallery of art, malaysia",,to face edge,oil,,,,,,,original straienr replaced with masonite backing. masonite panel disintegrating: powedery. water staining at reverse.,513 x  652,513.0,652.0,334476.0,none,none,_x001D__x001D__x001D__x001D__x001D_,1.0,2.0,2.0,0,1,0,0,0,0,0,0,1,1,0,0,0,1,0,0,0,0,0,0,0,0,0,1,0,0,0,1,0,0,1,0,0,1,1,0,0,0,1,0,0,0,0,0,1,0,0,0,0,0,0,0,0,0,0,0,0,0
58,UPVMA-III.00129,"pagdaong (Kawit, Cavite)",1943,philippines,"vargas museum, university of the philippines",,to face edge,oil,,,,,,,,320 x 399,320.0,399.0,127680.0,none,none,large network of cracks_x001D_local net cracks (primary cracks= secondary cracks)_x001D__x001D__x001D__x001D_,0.0,2.0,2.0,1,0,0,0,0,0,0,0,0,1,0,0,0,1,0,0,1,1,1,1,1,1,0,0,1,0,1,0,0,0,0,0,0,1,0,1,1,0,1,1,0,1,0,0,0,0,0,1,0,0,0,0,0,0,0,0,0,0
59,UPVMA-III.00077,Piro (Pedro Son of Painter),1930,philippines,"vargas museum, university of the philippines",,to face edge,oil,pencil underdrawing,,,,,,,oval : 110 x 150,110.0,150.0,16500.0,none,none,tented paint due to compressed support_x001D__x001D__x001D__x001D__x001D_,0.0,2.0,2.0,1,0,0,0,0,0,0,0,0,1,0,0,0,1,1,0,1,0,0,1,1,0,0,1,0,0,0,1,0,0,0,0,0,1,0,1,1,0,1,1,0,1,0,1,0,0,0,1,0,1,0,0,0,0,0,0,0,0
60,UPVMA-III.00078,Sisilyo (CecilioSon of Painter),1930,philippines,"vargas museum, university of the philippines",,to face edge,oil,pencil underdrawing,,,,,,,oval : 110 x 150,110.0,150.0,16500.0,none,none,tented paint due to compressed support_x001D__x001D__x001D__x001D__x001D_,0.0,2.0,2.0,1,0,0,0,0,0,0,0,0,1,0,0,0,1,1,0,1,0,0,1,1,0,0,1,0,0,0,1,0,0,0,0,0,1,0,1,1,0,1,1,0,1,0,1,0,0,0,1,0,1,0,0,0,0,0,0,0,0
61,UPVMA-III.00131,countryside,1863-1950 (circa & undated),philippines,"vargas museum, university of the philippines",,,oil,,,,,,,,245 x 345,245.0,345.0,84525.0,none,none,_x001D__x001D__x001D__x001D__x001D_,0.0,2.0,2.0,1,0,0,0,0,0,0,0,0,1,0,0,0,1,0,0,0,0,0,1,0,1,0,1,0,0,0,0,0,0,0,0,0,1,1,0,1,0,1,1,0,1,0,0,0,0,0,1,0,1,0,0,0,0,0,1,0,0
62,UPVMA-III.00336.78,Sampaguita Vendor,1931,philippines,"vargas museum, university of the philippines",,to face edge,oil,artists paint appearance,proprietry product,,,,,,343 x 243,343.0,243.0,83349.0,none,none,local brittle paint_x001D_local loss of cohesion in binder_x001D_local net cracks (primary cracks= secondary cracks)_x001D__x001D__x001D_,0.0,2.0,2.0,1,0,0,0,0,0,0,0,0,1,0,0,0,1,0,0,1,1,1,1,1,0,1,0,1,0,0,0,0,0,1,0,0,1,0,1,1,0,1,1,0,1,1,0,0,0,0,1,0,1,0,0,0,0,0,0,0,0
63,UPVMA-III.00037,Portrait of Madam Nene Gabaldon,1955,philippines,"vargas museum, university of the philippines",stretcher original,,oil,pencil underdrawing,,soft? ,local? Philippines,,,complex commecially made stretcher. pencil mark measurements indicating custom made.,295 x 423,295.0,423.0,124785.0,none,none,_x001D__x001D__x001D__x001D__x001D_,2.0,2.0,2.0,1,1,0,0,0,0,0,0,0,0,1,1,0,1,0,0,0,0,0,1,1,0,0,0,1,0,1,0,1,0,0,0,0,1,0,1,1,0,1,0,0,0,1,0,0,0,1,1,0,0,0,0,0,0,0,0,0,0
64,UPVMA-III.00144,Sunset Clouds,1933,philippines,"vargas museum, university of the philippines",,to face edge,oil,artists paint appearance,,,,,,,430 x 340,430.0,340.0,146200.0,none,none,local net cracks (primary cracks= secondary cracks)_x001D__x001D__x001D__x001D__x001D_,0.0,2.0,1.0,1,0,0,0,0,0,0,0,0,0,0,0,0,1,0,0,0,0,0,0,0,0,0,0,1,0,0,1,0,0,0,1,0,1,1,0,1,0,1,1,0,0,0,1,0,0,0,1,0,0,0,0,0,0,0,0,0,0
65,UPVMA-III.00283,Kakawate inBloom,1940,philippines,"vargas museum, university of the philippines",,,oil,,,,,,,,320 x 227,320.0,227.0,72640.0,none,none,secondary horizontal and vertical_x001D_tight network of small cracks_x001D__x001D__x001D__x001D_,0.0,1.0,1.0,1,0,0,0,0,0,0,0,0,1,0,0,0,1,0,0,0,0,0,0,0,0,0,0,1,0,0,1,0,0,0,0,0,1,0,1,1,0,1,0,0,1,1,0,0,0,0,1,0,1,0,0,0,0,0,0,0,0
66,UPVMA-III.00071,Charcater Study,1940,philippines,"vargas museum, university of the philippines",,,oil,,,,,,,,450 x 330,450.0,330.0,148500.0,none,none,_x001D__x001D__x001D__x001D__x001D_,0.0,2.0,2.0,1,0,0,0,0,0,0,0,0,1,0,0,0,1,0,0,0,0,0,1,0,0,0,1,0,0,0,1,0,0,1,0,0,1,0,1,1,0,1,1,0,0,1,0,0,0,0,0,0,0,0,0,0,1,0,0,0,0
67,UPMVA-III.00028,Head Study of Mrs Luz B Magasay,1954,philippines,"vargas museum, university of the philippines",stretcher original,,oil,pencil underdrawing,,,taguile,Philippines,local?,complex commecially made stretcher. pencil mark measurements indicating custom made. keys in place with nail.,498 x 398 ,498.0,398.0,198204.0,circle,none,primary diagonal_x001D_tented paint due to compressed support_x001D__x001D__x001D__x001D_,2.0,2.0,2.0,1,1,0,0,0,0,0,0,0,1,1,1,0,1,1,0,0,0,0,1,1,1,0,1,0,0,0,0,0,0,1,0,0,1,0,1,1,0,1,0,0,0,1,0,0,0,1,1,1,1,0,0,0,0,0,0,0,0
68,UPVMA-III.00235,primeras letras,1890,philippines,"vargas museum, university of the philippines",,,oil,,,,,,,,845 x 590,845.0,590.0,498550.0,none,none,due to changes or previous treatment_x001D_local grid cracks (follows canvas weave)_x001D_tight network of small cracks_x001D__x001D__x001D_,0.0,2.0,2.0,0,0,0,0,0,0,0,0,0,1,0,0,0,1,1,0,0,1,1,1,1,0,1,0,1,0,0,1,0,0,1,0,0,1,1,0,0,0,1,0,0,0,1,0,0,0,0,1,0,0,0,0,0,0,0,0,0,0
69,UPVMA-III.00380,marikina valley,1869-1937 (circa & undated),philippines,"vargas museum, university of the philippines",,,oil,,,,,Philippines,local?,,330 x 435,330.0,435.0,143550.0,none,none,secondary horizontal_x001D_solid support expanding: minor_x001D__x001D__x001D__x001D_,0.0,2.0,2.0,1,0,0,0,0,0,0,0,0,1,0,0,0,1,1,0,0,1,0,1,1,0,0,0,1,0,0,0,0,0,0,0,0,1,0,1,1,0,1,1,0,0,0,0,0,0,0,0,0,0,0,0,0,0,0,0,0,0
70,UPVMA-III.00276,water carrier,1850-1900 (circa & undated),singapore,National Heritage Board,,to face edge,oil,,,,,,,,323 x 218,323.0,218.0,70414.0,circle,none,most overpainted difficult to see_x001D__x001D__x001D__x001D__x001D_,0.0,2.0,2.0,1,0,0,0,0,0,0,0,0,0,0,0,0,1,1,0,0,0,1,1,0,0,1,1,0,0,0,0,0,0,0,1,0,0,1,0,0,0,0,1,1,0,0,0,0,0,0,1,0,1,0,0,1,0,0,0,0,0
71,UPVMA-III.0381,river view from sta ana,1869-1937 (circa & undated),philippines,"vargas museum, university of the philippines",,,oil,,,,,,,wood split 130mm long at 140 mm and 70mm long at 210 mm up from brc.,278 x 440,278.0,440.0,122320.0,none,none,local_x001D_primary vertical_x001D_cracks in thick paint_x001D__x001D__x001D_,1.0,2.0,2.0,1,0,1,0,0,0,0,0,0,0,0,0,0,1,0,0,0,1,0,1,0,1,0,1,0,0,0,1,0,0,1,1,0,0,1,0,0,0,0,1,1,0,0,0,0,0,0,0,0,0,0,0,1,0,0,0,0,0
72,,the coronation of king rama vi (sketch of mural painting decoration for the ceiling of anandasamakon royal pavillion),1912,thailand,"the national gallery, bangkok",strainer original,to side edge,oil,pencil underdrawing,,hard?,,Thailand,local?,,,0.0,0.0,0.0,none,none,_x001D__x001D__x001D__x001D__x001D_,2.0,2.0,1.0,1,1,0,0,1,0,0,0,0,0,1,1,0,1,0,0,0,0,0,1,0,1,0,1,0,0,1,0,0,0,1,1,0,0,1,0,0,0,0,0,0,0,0,0,1,0,0,1,0,1,1,0,0,1,0,0,0,0
73,UPVMA-III.00335,home from work,1944,philippines,"vargas museum, university of the philippines",,to face edge,oil,,,,,,,,260 x  350,260.0,350.0,91000.0,none,none,_x001D__x001D__x001D__x001D__x001D_,0.0,2.0,2.0,1,0,0,0,0,0,0,0,0,1,0,0,0,1,1,0,0,0,0,1,1,1,0,1,0,0,0,0,0,0,0,0,0,1,0,1,1,0,1,1,0,0,0,0,0,0,0,1,0,1,0,0,1,0,0,0,0,0
74,UPVMA-III.00143,ravaged manila,1940s (circa & undated),philippines,"vargas museum, university of the philippines",stretcher original,to face edge,oil,,,,pine,,,"commerically acquired with price. standard size of 13"" x 18""",322 x 450,322.0,450.0,144900.0,circle,all edges,primary horizontal_x001D_tented paint due to stretched support_x001D__x001D__x001D__x001D_,2.0,2.0,1.0,1,1,0,0,1,1,0,0,1,1,1,1,0,1,1,0,0,0,1,1,1,1,0,0,1,0,0,0,0,0,0,1,0,0,0,1,1,0,0,0,1,0,0,0,1,0,0,1,0,1,1,0,0,1,0,1,1,1
75,UPVMA-III.00146,japanese control,1947,philippines,"vargas museum, university of the philippines",,,oil,,,,,,,,321 x 448,321.0,448.0,143808.0,none,none,_x001D__x001D__x001D__x001D__x001D_,0.0,2.0,2.0,1,0,0,0,0,0,0,0,0,1,0,0,0,1,0,0,1,1,1,1,1,0,1,1,0,0,0,1,0,0,1,0,0,0,0,1,1,0,0,0,1,0,0,0,0,0,0,1,0,1,0,0,0,1,0,0,0,0
76,UPVMA-III.00373,Woman Devotee and Child (Supplication),1939,philippines,"vargas museum, university of the philippines",,,oil,,,,,,,,485 x 35,485.0,35.0,16975.0,none,none,primary diagonal_x001D_tented paint due to stretched support_x001D_herringbone cracks (from back)_x001D_large network of cracks_x001D__x001D_,0.0,0.0,0.0,0,0,0,0,0,0,0,0,0,1,0,0,0,0,1,1,1,1,1,1,1,0,0,1,0,0,0,1,0,0,1,0,0,0,0,1,1,0,0,1,1,1,0,1,0,0,0,1,0,1,1,0,1,1,1,0,0,0
77,UPVMA-III.00059,rice planting,1943,philippines,"vargas museum, university of the philippines",stretcher new,,oil,,,soft? ,pine,,,good new auxiliary support,,0.0,0.0,0.0,bisector,none,primary horizontal and vertical_x001D_large network of cracks_x001D_overall grid cracks (follows canvas weave) _x001D_overall net cracks (primary cracks= secondary cracks)_x001D_tight network of small cracks_x001D_secondary vertical,2.0,1.0,2.0,0,0,0,0,1,0,0,0,0,1,1,1,0,1,1,0,0,1,1,1,1,1,1,1,0,0,0,1,0,0,1,0,0,1,0,1,1,0,1,0,0,0,0,0,0,0,1,0,0,0,0,0,0,1,0,0,0,0
78,UPVMA-III.00067,woman cooking in a kitchen,1959,philippines,"vargas museum, university of the philippines",stretcher original,,oil,,,hard?,,Philippines,local?,kendondong  wood?,,0.0,0.0,0.0,circle,none,_x001D__x001D__x001D__x001D__x001D_,2.0,2.0,2.0,1,1,0,0,1,0,0,0,1,1,1,1,0,1,1,0,0,0,1,1,1,0,0,0,1,0,1,1,0,1,1,0,0,1,0,1,1,0,1,0,0,0,1,0,0,0,1,1,0,1,0,0,0,0,0,1,0,0
79,UPVMA-III.00141,market scene,1940,philippines,"vargas museum, university of the philippines",,,oil,,,,,,,,340 x  445,340.0,445.0,151300.0,none,none,secondary diagonal_x001D_local net cracks (primary cracks= secondary cracks)_x001D__x001D__x001D__x001D_,0.0,2.0,2.0,1,0,0,0,0,0,0,0,0,0,0,0,0,1,1,0,1,1,0,1,1,0,1,1,0,0,0,1,0,0,1,0,0,1,0,1,1,0,1,1,0,0,1,0,0,0,0,0,0,0,0,0,0,0,0,0,0,0
80,UPVMA-III.00031,independence this year said his excellency premier tojo,1943,philippines,"vargas museum, university of the philippines",stretcher original,to face edge,oil,,,hard?,,Philippines,local?,different stretcher to the more complex ones. no copper tacks.,,0.0,0.0,0.0,circle,all edges,primary horizontal and vertical_x001D_overall net cracks (primary cracks= secondary cracks)_x001D_sigmoud cracks_x001D_stretcher bar ladder cracks_x001D_tented paint due to compressed support_x001D_,2.0,1.0,1.0,1,1,0,0,1,0,0,0,0,1,1,1,0,0,1,0,0,0,0,1,1,0,0,0,1,0,0,1,0,0,0,0,0,1,0,1,1,0,1,0,0,0,0,0,0,0,0,0,0,0,0,0,0,1,0,1,1,1
81,1/2543,HRH prince yodyinyot and his son,1850s (circa & undated),thailand,"the national gallery, bangkok",,to face edge,oil,pencil underdrawing,,,,,,,829 x 714,829.0,714.0,591906.0,none,none,secondary horizontal_x001D_secondary vertical_x001D_overall_x001D_overall grid cracks (follows canvas weave) _x001D_very brittle paint throughout_x001D_cracks in thick paint,0.0,0.0,0.0,1,0,0,0,0,0,0,0,0,0,0,0,0,0,1,1,1,1,1,1,1,1,0,0,1,0,0,1,0,0,1,0,0,0,0,1,1,0,0,0,0,1,0,1,1,1,0,1,0,1,1,1,0,0,0,0,0,1
82,UPVMA-III.00034,kawilihan clan II,1955,philippines,"vargas museum, university of the philippines",stretcher original,,oil,,,hard?,,Philippines,local?,,,0.0,0.0,0.0,circle,cross bar,large network of cracks_x001D_overall net cracks (primary cracks= secondary cracks)_x001D_primary diagonal_x001D__x001D__x001D_,2.0,1.0,2.0,1,1,0,0,1,0,0,0,0,1,1,1,0,0,1,1,0,0,0,1,1,0,0,0,1,0,1,0,0,0,1,1,0,1,0,1,1,0,1,1,0,0,0,0,0,0,0,0,0,0,1,0,0,0,0,0,0,0
83,UPVMA-III.00033,kawilihan clan I,1950,philippines,"vargas museum, university of the philippines",stretcher original,,oil,,,hard?,,Philippines,local?,,740 x 920,740.0,920.0,680800.0,circle,cross bar,large network of cracks_x001D_overall grid cracks (follows canvas weave) _x001D_sigmoud cracks_x001D__x001D__x001D_,2.0,1.0,2.0,1,1,0,0,1,0,0,0,0,1,1,1,0,0,1,1,0,0,0,1,1,0,0,0,1,0,1,0,1,0,1,0,0,1,0,1,1,0,1,0,0,0,0,0,0,0,0,0,0,0,1,0,0,0,0,0,0,0
84,UPVMA-III.00013,ambassador jorge b. vargas with Decoration,1944,philippines,"vargas museum, university of the philippines",stretcher original,to side edgeto face edge,oil,,,hard?,,Philippines,local?,,,0.0,0.0,0.0,none,none,_x001D__x001D__x001D__x001D__x001D_,2.0,2.0,2.0,1,1,0,0,1,1,1,0,0,1,1,0,0,1,1,0,0,0,0,1,1,0,0,0,1,0,0,1,0,0,0,0,0,1,0,1,1,0,1,0,0,0,0,0,0,0,1,1,0,1,0,1,0,1,0,1,0,0
85,UPVMA-III.00072,dona  damiana  R.Vda.De Ortiz,1943,philippines,"vargas museum, university of the philippines",,,oil,,,,,Philippines,local?,,350 x 245,350.0,245.0,85750.0,none,none,primary horizontal_x001D__x001D__x001D__x001D__x001D_,0.0,2.0,2.0,1,0,0,0,0,0,0,0,0,0,0,0,0,1,1,0,0,0,1,1,1,1,1,0,1,0,0,0,0,0,1,0,0,1,0,1,1,0,1,0,0,1,0,0,0,0,0,1,0,0,0,0,0,0,0,0,0,0
86,UPVMA-III.00351,pasig river scene,1904,philippines,"vargas museum, university of the philippines",,to face edge,oil,,,,,,,,,0.0,0.0,0.0,none,none,primary diagonal_x001D__x001D__x001D__x001D__x001D_,0.0,2.0,1.0,1,0,0,0,0,0,0,0,0,1,0,0,0,1,0,0,0,1,0,1,1,1,1,1,0,0,0,0,0,0,0,0,0,0,0,1,1,0,0,1,1,1,0,1,0,0,0,1,0,1,0,0,0,0,0,0,1,0
87,UPVMA-III.00101,tumulo en una iglesia,1890s (circa & undated),philippines,"vargas museum, university of the philippines",,to face edge,oil,,,,,,,,99 x 176,99.0,176.0,17424.0,none,none,primary horizontal_x001D_secondary vertical_x001D_overall net cracks (primary cracks= secondary cracks)_x001D_tight network of small cracks_x001D__x001D_,0.0,2.0,1.0,1,0,0,0,0,0,0,0,0,0,0,0,0,1,1,0,0,1,1,1,1,1,1,1,0,0,0,1,0,0,1,0,0,0,0,1,1,0,0,1,0,0,0,1,1,0,0,1,0,1,1,0,0,0,0,0,0,0
88,UPVM A-III.00194,UN GITANO TOCANDO LA  GUITARRA,1890s (circa & undated),philippines,"vargas museum, university of the philippines",,to face edge,oil,,,,,,,,317 X 228 X15,317.0,228.0,72276.0,none,none,_x001D_primary horizontal and vertical_x001D_local grid cracks (follows canvas weave)_x001D__x001D__x001D_,0.0,2.0,0.0,1,0,0,0,0,0,0,0,0,0,0,0,0,1,1,0,0,1,1,1,0,0,1,1,1,0,1,0,0,1,1,0,0,0,0,1,1,0,0,1,0,0,0,1,0,1,0,1,0,0,0,1,0,1,0,0,0,0
89,UPVMA-III.00125,Imus Landscape,1943,philippines,"vargas museum, university of the philippines",,to face edge,oil,,,,,,,concave illustration board,322 x 401,322.0,401.0,129122.0,none,none,local_x001D__x001D__x001D__x001D__x001D_,1.0,0.0,1.0,1,0,1,0,1,1,0,1,0,0,0,0,0,1,1,0,0,1,0,1,1,0,0,0,1,0,0,1,0,0,1,0,0,0,0,1,1,0,0,1,1,0,1,1,0,1,0,1,0,1,0,0,1,1,0,1,0,0
90,UPVMA-III.00374,Sagrada Corazon de Jesus,1944,philippines,"vargas museum, university of the philippines",stretcher original,to side edge,oil,,,,ipil,Philippines,local?,,59.2 x 44 cm,59.2,44.0,2604.8,circle,all edges,primary vertical_x001D_secondary diagonal_x001D_sigmoud cracks_x001D_large network of cracks_x001D__x001D_,1.0,1.0,2.0,1,0,1,0,0,0,1,0,0,1,1,1,0,0,1,0,0,1,1,1,1,0,1,0,0,0,0,0,0,1,1,0,0,0,0,1,1,0,0,1,1,1,0,1,0,0,0,0,0,1,1,0,0,1,0,1,0,0
91,UPVMA-III.00457,Sunrise at Guimaras,1922,philippines,"vargas museum, university of the philippines",,,oil,,,,,,,,303 x 445,303.0,445.0,134835.0,none,none,_x001D__x001D__x001D__x001D__x001D_,0.0,2.0,1.0,0,0,0,0,0,0,0,0,0,0,0,0,0,1,0,0,0,0,0,1,1,0,1,1,0,0,1,0,0,0,1,0,0,0,0,1,1,0,0,0,1,0,0,0,0,0,1,1,0,0,0,0,0,0,0,0,0,0
92,UPVMA-III-00181,BENGUET LILY,1941,philippines,"vargas museum, university of the philippines",strainer original,to side edge,oil,,,,taguile,Philippines,local?,made from recycled taguile,405 x 550,405.0,550.0,222750.0,circle,none,large network of cracks_x001D_stretcher bar ladder cracks_x001D_local net cracks (primary cracks= secondary cracks)_x001D_primary vertical_x001D_tented paint due to stretched support_x001D_cracks in thick paint,0.0,1.0,1.0,1,0,1,0,0,1,0,0,0,1,1,0,0,1,1,0,0,1,0,1,1,0,0,0,1,0,1,0,0,0,0,0,0,0,0,1,1,0,0,1,1,1,0,0,1,0,0,0,0,0,0,0,0,0,0,0,0,0
93,UPVMA-III.00195,Un Patio Andaluz,1886,philippines,"vargas museum, university of the philippines",,,oil,,,,,,,"cross bracing warping @ top bracing; cross bracing warping @ top portion only of left, middle and right braces",546x457,546.0,457.0,249522.0,none,bottom member,overall net cracks (primary cracks= secondary cracks)_x001D_secondary diagonal_x001D__x001D__x001D__x001D_,2.0,2.0,2.0,0,1,1,0,1,0,0,0,0,1,0,0,0,0,1,0,1,1,0,1,1,0,1,0,0,0,0,0,0,0,0,0,0,1,0,1,1,0,1,0,0,0,0,0,0,0,1,0,0,0,0,0,0,1,0,0,0,0
94,upvma-iii.00368,Puesta del Sol en Sta. Ana,1880s (circa & undated),philippines,"vargas museum, university of the philippines",,,oil,,,,,,,,436 X 540 ,436.0,540.0,235440.0,none,none,local net cracks (primary cracks= secondary cracks)_x001D_tight network of small cracks_x001D__x001D__x001D__x001D_,1.0,1.0,1.0,0,1,0,0,1,1,0,0,0,1,0,0,0,0,1,1,0,1,0,1,0,0,1,1,0,0,0,1,0,0,0,0,0,0,0,1,0,0,0,0,0,0,0,1,1,0,0,1,0,0,0,0,1,0,1,0,0,0
95,UPVMA-III00366,the penitent,1880s (circa & undated),philippines,"vargas museum, university of the philippines",strainer new,to face edge,oil,,,,,Philippines,local?,new support,732 x 438,732.0,438.0,320616.0,none,none,tight network of small cracks_x001D_local grid cracks (follows canvas weave)_x001D__x001D__x001D__x001D_,1.0,2.0,1.0,0,0,0,0,0,0,0,0,0,1,1,1,0,1,1,0,0,0,0,1,0,0,1,1,0,0,0,0,0,0,1,0,0,0,1,0,0,0,0,0,0,0,0,1,0,0,1,1,0,0,0,0,0,0,0,0,0,0
96,13/2540,space & temple in india (temple  and landscape),1940 (circa & undated),thailand,"the national gallery, bangkok",strainer new,to side edge,oil,tempera,pencil underdrawing,,,Thailand,local?,,549 x  720,549.0,720.0,395280.0,none,none,due to changes or previous treatment_x001D_local net cracks (primary cracks= secondary cracks)_x001D__x001D__x001D__x001D_,0.0,0.0,1.0,0,0,0,0,0,0,0,0,0,1,0,0,0,1,0,0,0,1,0,1,1,1,1,1,0,1,0,0,0,0,1,0,0,0,0,1,1,1,0,0,0,0,1,0,0,0,1,1,0,1,0,0,0,1,0,1,1,0
97,43/22,portrait of king rama v (official portrait),1880-1900 (circa undated),thailand,"the national gallery, bangkok",strainer new,,oil,,,hard?,,Thailand,local?,wood grain opening,600 x 473 ,600.0,473.0,283800.0,circle,none,tight network of small cracks_x001D_overall net cracks (primary cracks= secondary cracks)_x001D__x001D__x001D__x001D_,2.0,0.0,0.0,0,0,0,0,1,0,0,0,1,1,1,0,0,0,1,1,0,1,0,1,0,1,1,1,0,1,0,0,0,0,0,0,0,0,0,1,1,0,0,1,0,1,0,1,1,0,0,1,0,1,1,0,0,0,0,0,0,0
98,35/2530,her serene highness pilailakha disakul,1924,thailand,"the national gallery, bangkok",strainer original,,oil,protein/starch negative,,,,Thailand,local?,,868 x 434,868.0,434.0,376712.0,circle,none,primary diagonal_x001D_tight network of small cracks_x001D_secondary diagonal_x001D__x001D__x001D_,1.0,1.0,2.0,1,0,0,0,1,0,0,1,1,1,1,0,0,0,1,1,0,0,0,1,0,0,1,0,0,0,0,0,0,0,0,0,0,1,0,1,1,0,1,1,0,0,1,0,0,0,1,1,0,0,0,0,0,0,0,0,0,0
99,26/2530,unknown (still life with dog statue),1950s (circa & undated),thailand,"the national gallery, bangkok",stretcher original,to side edge,oil,,,soft? ,pine,,,commercial stretcher. likely to have been obtained and painted when princess overseas.,345 x  298 ,345.0,298.0,102810.0,none,none,local grid cracks (follows canvas weave)_x001D_local net cracks (primary cracks= secondary cracks)_x001D_primary diagonal_x001D__x001D__x001D_,2.0,1.0,2.0,1,1,0,0,1,0,0,0,1,1,1,0,0,0,1,1,1,1,1,1,0,1,0,1,0,0,0,0,0,0,1,1,0,1,0,1,1,0,1,0,0,0,0,0,0,1,1,1,0,1,0,0,0,0,0,0,0,0
100,25/2530,unknown (still life with flowers),1960s (circa & undated),thailand,"the national gallery, bangkok",strainer original,,oil,,,soft? ,pine,,,,362 x  250,362.0,250.0,90500.0,none,right member,local_x001D__x001D__x001D__x001D__x001D_,2.0,1.0,2.0,1,1,0,0,1,0,0,0,0,1,1,1,0,1,1,0,0,0,0,1,1,0,0,1,0,0,0,0,0,0,1,0,0,1,0,1,1,0,1,1,0,0,1,0,0,0,1,0,0,0,0,0,0,1,0,0,0,0
101,22/2530,phra kaew morakod (still life with budha),1950s (circa & undated),thailand,"the national gallery, bangkok",stretcher original,,oil,,,soft? ,pine,,,,292 x 242,292.0,242.0,70664.0,circle,none,secondary diagonal_x001D_local_x001D__x001D__x001D__x001D_,2.0,2.0,2.0,1,1,0,0,1,0,0,0,0,1,1,0,0,1,1,0,0,0,0,1,0,0,0,1,0,0,0,0,0,0,1,0,0,1,0,1,0,0,1,1,0,0,1,0,0,0,0,0,0,0,0,0,0,0,0,0,0,0
102,16/2520,portrait of henry arabasster (ambassador?),1950s (circa & undated),thailand,"the national gallery, bangkok",strainer original,to side edge,oil,,,,,Thailand,local?,unable to examine well,735 x 609,735.0,609.0,447615.0,none,none,_x001D__x001D__x001D__x001D__x001D_,2.0,2.0,3.0,1,1,0,0,1,0,0,0,0,1,1,0,1,1,0,0,0,0,0,1,1,0,0,1,0,0,0,0,0,0,1,0,0,0,1,0,0,0,0,0,0,0,1,0,0,0,0,0,0,0,0,0,0,0,0,0,0,0
103,17/2531,boat,1963,thailand,"the national gallery, bangkok",strainer original,,oil,pencil underdrawing,,hard?,,Thailand,local?,members too thin & in direct contact,625 x 935,625.0,935.0,584375.0,none,none,primary vertical_x001D_secondary horizontal_x001D_local net cracks (primary cracks= secondary cracks)_x001D_tented paint due to stretched support_x001D__x001D_,1.0,1.0,0.0,1,1,0,0,1,1,0,0,1,1,1,1,0,1,1,1,1,0,0,1,0,1,0,0,0,0,0,0,0,0,0,0,0,0,0,1,1,0,0,0,1,1,0,0,1,0,0,1,1,0,1,0,0,0,0,0,0,0
104,14/2520,portrait of narisara nuwatinwong (thai official from royal family),1960s (circa &  undated),thailand,"the national gallery, bangkok",strainer original,to side edge,oil,,,,,Thailand,local?,unable to examine,735 x 609,735.0,609.0,447615.0,circle,none,_x001D__x001D__x001D__x001D__x001D_,2.0,2.0,3.0,1,1,0,0,0,0,0,0,0,1,1,0,1,1,1,0,0,0,0,1,1,0,0,1,0,0,0,0,0,0,1,0,0,0,1,0,0,0,0,1,0,0,1,0,1,0,0,0,0,0,0,0,0,0,0,0,0,0
105,14/2521,Reproduction of Venus (Painting by Titian),1935,thailand,"the national gallery, bangkok",stretcher original,,oil,,,soft? ,pine,,,unable bale to examine completely,1085 x 1745,1085.0,1745.0,1893325.0,none,cross bar,local net cracks (primary cracks= secondary cracks)_x001D_tight network of small cracks_x001D_due to changes or previous treatment_x001D_cracks in thick paint_x001D__x001D_,2.0,2.0,2.0,1,1,0,0,0,0,0,0,0,1,1,0,0,1,1,0,0,1,1,1,0,0,1,1,0,0,0,0,0,0,1,0,0,0,1,0,0,1,0,0,0,1,0,1,1,1,0,1,0,0,1,0,1,0,0,0,0,0
106,3/2540,portrait (young man),1897-1907 (circa & undated),thailand,"the national gallery, bangkok",stretcher original,to face edge,oil,,,soft? ,pine,,,commercial imported pine stretcher,978 x 628,978.0,628.0,614184.0,none,none,overall net cracks (primary cracks= secondary cracks)_x001D_very brittle paint throughout_x001D_due to changes or previous treatment_x001D_sigmoud cracks_x001D_tight network of small cracks_x001D_overall loss of cohesion in binder,2.0,0.0,1.0,1,1,0,0,1,0,0,0,1,1,1,0,0,0,1,1,0,0,0,1,1,1,1,1,1,0,0,0,0,0,0,0,0,1,0,1,1,1,1,0,0,0,1,0,0,0,1,0,0,0,0,0,0,0,0,0,0,0
107,1/2520/10,"queen sawang wattana, her sons & daughters",1891-1897 (circa & undated),thailand,"the national gallery, bangkok",stretcher original,to side edge,oil,,,soft? ,pine,,,hand made but well constructed,925 x 1555,925.0,1555.0,1438375.0,circle,none,large network of cracks_x001D_primary diagonal_x001D_primary vertical_x001D_due to changes or previous treatment_x001D_tented paint due to compressed support_x001D_sigmoud cracks,2.0,0.0,0.0,1,1,0,0,1,0,0,0,1,1,1,1,0,0,1,1,1,1,0,1,1,1,1,1,0,0,0,0,0,1,1,0,0,0,0,1,1,1,0,1,0,0,0,0,1,0,0,1,0,1,1,0,0,0,0,0,0,0
108,"14/2521/4, 78/2521",reproduction of a european landscape (gainsborough),1936,thailand,"the national gallery, bangkok",stretcher original,to side edge,oil,,,hard?,,Thailand,local?,well constructed. appears to be local timber (meranti?) and professional.,643 x 905,643.0,905.0,581915.0,none,none,local_x001D_due to changes or previous treatment_x001D__x001D__x001D__x001D_,2.0,2.0,1.0,1,1,0,0,1,0,0,0,1,1,1,1,0,1,1,0,0,1,0,1,1,0,1,1,0,0,0,1,0,0,1,0,0,1,0,1,0,1,1,0,0,0,1,1,0,1,1,1,0,1,0,0,1,0,0,0,0,0
109,118/2521,queen sawang wattana (queen grandmother),1908-1917,thailand,"the national gallery, bangkok",stretcher original,,oil,pencil underdrawing,,,pine,,,unable to examine well, ~3000 x 1693 ,3000.0,1693.0,5079000.0,none,all edges,overall grid cracks (follows canvas weave) _x001D_cracks in thick paint_x001D_large network of cracks_x001D_primary vertical_x001D__x001D_,2.0,0.0,1.0,1,1,0,0,0,0,0,0,0,1,1,0,1,0,1,0,0,1,0,1,0,1,1,1,0,0,0,0,0,0,0,0,0,1,0,1,1,0,1,0,0,0,1,0,0,0,0,1,0,0,0,0,0,0,0,0,0,0
110,13/2520,king rama II,1908-1917,thailand,"the national gallery, bangkok",stretcher original,,oil,,,,pine,,,unable to examine well, ~3000 x 1693 ,3000.0,1693.0,5079000.0,none,none,overall grid cracks (follows canvas weave) _x001D_cracks in thick paint_x001D_large network of cracks_x001D_blind cleavage due to water damage_x001D__x001D_,2.0,0.0,1.0,1,1,0,0,0,0,0,0,0,0,1,0,1,0,1,1,0,1,1,0,0,1,1,1,1,0,0,0,0,0,0,0,0,1,0,1,1,0,1,0,0,0,1,0,0,0,1,1,0,0,0,0,0,0,0,1,0,0
111,12/2520,eelli iin ricordo,1897-1910,thailand,"the national gallery, bangkok",stretcher original,to side edge,oil,,,soft ,pine,,,insect damage to keys,712 x  575,712.0,575.0,409400.0,none,none,primary horizontal_x001D_tight network of small cracks_x001D__x001D__x001D__x001D_,2.0,3.0,3.0,1,1,0,0,1,0,1,0,0,1,1,1,0,0,1,0,0,0,0,1,1,0,0,1,0,0,0,0,0,0,1,0,0,1,1,0,0,0,1,0,0,0,1,0,0,0,1,0,0,0,0,0,0,0,0,0,0,0
112,16/2521,king chulalongkorn,1897-1907,thailand,"the national gallery, bangkok",,to face edge,oil,,,,,,,,450 x 343,450.0,343.0,154350.0,none,none,large network of cracks_x001D_tight network of small cracks_x001D_primary horizontal and vertical_x001D_overall net cracks (primary cracks= secondary cracks)_x001D_tented paint due to compressed support_x001D_,0.0,1.0,1.0,1,0,0,0,0,0,0,0,0,0,0,0,0,0,1,1,0,1,1,1,0,1,1,1,0,0,0,1,0,0,1,0,0,0,0,1,1,0,0,1,1,0,0,0,0,0,0,1,0,1,1,0,0,0,0,0,0,0
113,69/2521,dreamers avenue,1949,thailand,"the national gallery, bangkok",,to face edge,oil,,,,,,,,900 x 670,900.0,670.0,603000.0,none,none,primary horizontal and vertical_x001D_local grid cracks (follows canvas weave)_x001D_cracks in thick & thin paint_x001D_large network of cracks_x001D_local loss of cohesion in binder_x001D_,0.0,1.0,2.0,0,0,0,0,0,0,0,0,0,1,0,0,0,0,1,1,0,1,0,1,1,1,0,1,1,0,1,0,0,0,0,0,0,0,0,1,1,0,0,0,1,0,1,0,0,0,0,0,0,1,1,0,0,0,0,0,0,0
114,6/2542,jungle in coconut tree,1950s (circa & undated),thailand,"the national gallery, bangkok",stretcher original,to face edge,oil,,,,pine,,,,538 x 615,538.0,615.0,330870.0,circle,none,local net cracks (primary cracks= secondary cracks)_x001D_large network of cracks_x001D_cracks in thick paint_x001D__x001D__x001D_,2.0,1.0,2.0,1,1,0,0,0,0,0,0,0,0,1,0,1,0,1,1,1,1,0,1,1,1,1,1,1,1,1,0,0,0,0,0,0,1,0,1,1,1,1,0,0,0,1,0,0,0,1,0,0,1,0,0,0,0,0,0,0,0
115,41/2521,nude,1949,thailand,"the national gallery, bangkok",strainer original,,oil,,,hard?,,Thailand,local?,,885 x 1334,885.0,1334.0,1180590.0,none,cross bar,herringbone cracks (from back)_x001D_cracks in thick paint_x001D_local net cracks (primary cracks= secondary cracks)_x001D_primary vertical_x001D_local loss of cohesion in binder_x001D_large network of cracks,2.0,1.0,2.0,1,1,0,0,1,1,0,0,0,1,1,0,0,1,1,0,0,1,1,1,1,1,0,0,1,0,1,0,0,0,0,0,0,1,0,1,1,0,1,1,0,0,1,0,0,0,1,1,0,0,0,0,0,0,1,0,0,0
116,10/2536,woman,1954,thailand,"the national gallery, bangkok",strainer original,,oil,,,hard?,,Thailand,local?,,865 x 698,865.0,698.0,603770.0,circle,all edges,primary horizontal_x001D_secondary vertical_x001D_large network of cracks_x001D_cracks in thick paint_x001D__x001D_,2.0,1.0,2.0,1,1,0,0,0,0,0,0,0,1,1,0,0,0,1,0,1,1,0,1,1,1,0,0,1,0,1,0,0,0,1,0,0,1,0,1,1,0,1,0,0,0,1,0,0,0,1,0,0,0,0,0,0,0,0,0,0,0
117,10/2536,painter,1954 (circa undated),thailand,"the national gallery, bangkok",strainer original,,oil,,,hard?,,Thailand,local?,,865 x 698,865.0,698.0,603770.0,bisector,top member,overall net cracks (primary cracks= secondary cracks)_x001D_cracks in thick paint_x001D_large network of cracks_x001D_corn ear crack (from front)_x001D_sigmoud cracks_x001D_,2.0,0.0,1.0,1,1,0,0,0,0,0,0,0,1,1,0,0,0,1,0,0,1,0,1,1,1,1,0,1,0,1,0,0,0,1,0,0,0,0,1,1,1,0,0,0,0,0,0,1,0,0,0,0,1,0,0,0,0,0,0,0,0
118,5/2536,portrait of mrs somthawin haribhitak,1950s (circa & undated),thailand,"the national gallery, bangkok",,to face edge,oil,image below,,,,,,,400 x  330,400.0,330.0,132000.0,none,none,primary horizontal_x001D_secondary vertical_x001D_large network of cracks_x001D__x001D__x001D_,0.0,0.0,2.0,1,0,0,0,0,0,0,0,0,1,0,0,1,0,1,1,0,0,1,1,0,0,0,0,1,0,1,0,0,0,0,0,0,1,0,1,1,0,1,0,0,1,0,0,0,0,0,0,0,0,0,0,0,0,0,0,0,0
119,1/2521,fish at si chang island,1950s (circa & undated),thailand,"the national gallery, bangkok",,to face edge,oil,applied to smooth side,pencil underdrawing,,,,,,468 x 600,468.0,600.0,280800.0,none,none,_x001D__x001D__x001D__x001D__x001D_,0.0,2.0,2.0,1,0,0,0,0,0,0,0,0,0,0,0,1,1,0,0,0,0,0,1,1,1,0,0,1,0,1,0,0,0,0,0,0,1,1,0,0,0,1,0,0,1,0,1,0,0,0,1,0,0,0,0,0,0,0,0,0,0
120,9/2523,ayuthuya,1960s (circa & undated),thailand,"the national gallery, bangkok",,,oil,image below,,,,,,,790 x 893,790.0,893.0,705470.0,none,none,cracks in thin paint_x001D__x001D__x001D__x001D__x001D_,0.0,2.0,2.0,0,0,0,0,0,0,0,0,0,0,0,0,1,1,0,0,0,1,0,1,0,1,0,0,0,0,0,0,0,0,0,0,0,1,0,1,1,0,1,0,0,0,0,1,0,1,1,0,0,0,0,0,0,0,1,0,0,0
121,3/2530,watta,1966,thailand,"the national gallery, bangkok",strainer original,,oil,mixed media,,hard?,,Thailand,local?,,1045 x 1199,1045.0,1199.0,1252955.0,none,all edges,cracks in thin paint_x001D_blind cleavage due to shrinkage_x001D__x001D__x001D__x001D_,1.0,2.0,0.0,1,0,1,0,1,1,0,1,1,0,1,0,0,0,1,1,0,0,0,1,1,1,0,0,0,0,0,0,0,0,0,0,0,0,1,0,0,0,0,1,1,0,1,0,0,1,1,0,0,1,1,0,0,0,0,1,0,0
122,18/2521,the portrait of king Rama IV,1856,thailand,"the national gallery, bangkok",,,oil,,,,,,,,639 x 506,639.0,506.0,323334.0,none,none,overall loss of cohesion in binder_x001D_primary vertical_x001D_local net cracks (primary cracks= secondary cracks)_x001D_solid support expanding: minor_x001D__x001D_,0.0,1.0,1.0,1,0,0,0,0,0,0,0,0,0,0,0,0,1,0,1,0,1,1,1,1,1,0,0,1,0,0,0,0,0,0,0,0,0,0,1,1,0,0,0,1,1,0,0,0,1,0,1,0,1,1,0,0,0,0,0,0,0
123,upvma-iii.00433,landscape,1940s (circa & undated),philippines,"vargas museum, university of the philippines",,,oil,,,,,,,,,0.0,0.0,0.0,none,none,_x001D__x001D__x001D__x001D__x001D_,0.0,0.0,0.0,1,0,0,0,0,0,0,0,0,1,0,0,0,0,0,0,0,0,0,0,0,0,0,0,0,0,0,0,0,0,0,0,0,0,0,1,1,0,0,0,0,0,0,0,0,0,0,0,0,0,0,0,0,0,0,0,0,0
124,UPVMA-III00260,un torero picando con su machete,1943,philippines,"vargas museum, university of the philippines",,,oil,proprietry product,,,,,,,,0.0,0.0,0.0,none,none,_x001D__x001D__x001D__x001D__x001D_,0.0,2.0,0.0,1,0,0,0,0,0,0,0,0,1,0,0,0,1,0,0,0,0,0,0,0,0,0,1,0,0,0,0,0,0,0,0,0,0,1,0,0,0,0,0,0,0,0,0,0,0,0,0,0,0,0,0,0,0,0,0,0,0
125,1959-017,pohon nipah,1957,malaysia,"national gallery of art, malaysia",,,oil,artists paint appearance,,,,,,wood battens on the reverse ,919 x  603,919.0,603.0,554157.0,none,none,_x001D__x001D__x001D__x001D__x001D_,2.0,2.0,2.0,1,1,0,0,0,0,0,0,0,0,0,0,0,1,0,0,0,0,1,1,1,0,0,0,1,0,0,1,0,0,1,0,1,1,0,0,0,0,1,1,0,0,0,0,0,0,0,0,0,0,0,0,0,0,0,0,0,0
126,1959.14,Salmah,1949,malaysia,"national gallery of art, malaysia",stretcher original,to side edge,oil,artist paint appearance,,soft? ,pine,,,"wood splitting, held in place by nails, no movement allowed",449 x 343,449.0,343.0,154007.0,none,none,_x001D__x001D__x001D__x001D__x001D_,1.0,2.0,2.0,1,1,0,0,0,1,1,0,0,1,1,1,0,1,0,0,0,0,1,1,0,0,0,1,0,0,0,0,0,0,0,0,0,1,1,0,0,0,1,1,0,0,1,0,0,0,1,1,0,1,0,0,0,0,0,0,0,0
127,1958.8,tanjung bidara,1958,malaysia,"national gallery of art, malaysia",,to side edge,oil,artist paint appearance,,,,,,,495 x 397,495.0,397.0,196515.0,none,none,_x001D__x001D__x001D__x001D__x001D_,0.0,2.0,2.0,1,0,0,0,0,0,0,0,0,0,0,0,0,1,1,0,0,1,0,0,0,0,0,1,0,0,0,0,0,0,0,0,0,0,1,0,1,0,0,0,1,0,0,0,0,0,0,0,0,0,0,0,0,0,0,0,0,0
128,1958.10,Bermain gasing (top spinners),1958,malaysia,"national gallery of art, malaysia",,to side edge,oil,artist material apperance,,,,,,,534 x 650 ,534.0,650.0,347100.0,none,none,_x001D_local loss of cohesion in binder_x001D__x001D__x001D__x001D_,0.0,2.0,2.0,1,0,0,0,0,0,0,0,0,0,0,0,0,1,1,0,0,1,1,1,0,1,0,0,1,0,0,1,0,0,1,0,0,1,0,1,1,0,1,0,0,0,0,0,0,0,0,0,0,0,0,0,0,0,0,0,0,0
129,1958.6,minah,1958,malaysia,"national gallery of art, malaysia",strainer original,to side edge,oil,artist paint appearance,,,meranti,Malay,local?,"well constructed strainer, regular and uniform",460 x 352,460.0,352.0,161920.0,none,none,local_x001D_primary diagonal_x001D_large network of cracks_x001D_cracks in thick & thin paint_x001D__x001D_,2.0,2.0,2.0,1,1,0,0,1,0,0,0,0,1,1,1,0,1,1,0,0,1,0,1,0,0,0,1,0,0,0,1,0,0,1,0,0,1,0,1,1,0,1,0,0,0,0,0,1,0,0,1,0,1,0,0,0,0,0,0,0,0
130,1958.13,rambutan and magosteens,1950,malaysia,"national gallery of art, malaysia",strainer original,to side edge,oil,artists paint appearance,,hard?,,Malay,local?,"well constructed strainer, locally made in Malaysia when artist here??",,0.0,0.0,0.0,none,none,_x001D__x001D__x001D__x001D__x001D_,2.0,2.0,1.0,1,1,0,0,1,0,0,0,0,1,1,1,0,1,0,0,0,0,0,1,0,1,0,1,0,0,0,0,0,0,1,0,0,0,0,0,0,0,0,0,1,0,0,0,1,0,0,0,0,1,1,0,1,0,0,0,0,0
131,1959-004,mandi laut,1957,malaysia,"national gallery of art, malaysia",,,oil,artists paint appearance,,,,,,wooden battens on masonite,1005 x  75 ,1005.0,75.0,75375.0,none,none,local_x001D_cracks in thick paint_x001D__x001D__x001D__x001D_,2.0,1.0,2.0,1,1,0,0,1,0,0,0,0,0,0,0,0,1,1,1,1,1,0,1,0,0,1,0,1,0,0,1,0,0,0,0,1,1,1,0,0,0,1,1,0,0,0,0,0,0,0,1,0,0,0,0,0,0,0,0,0,0
132,1959.031,jalan di bandar (street scene),1958,malaysia,"national gallery of art, malaysia",,to side edge,oil,artists paint appearance,,,,,,,589 x 459,589.0,459.0,270351.0,none,none,_x001D__x001D__x001D__x001D__x001D_,2.0,2.0,1.0,1,1,0,0,1,0,0,0,0,0,0,0,0,1,1,0,0,0,0,1,1,0,0,1,0,0,0,1,0,0,1,0,0,0,0,1,1,0,0,0,1,0,0,0,1,0,0,1,0,0,1,1,0,0,0,0,0,1
133,1959.032,ikan untuk hidangan,1958,malaysia,"national gallery of art, malaysia",,,oil,artists paint appearance,,,,,,,,0.0,0.0,0.0,none,none,_x001D__x001D__x001D__x001D__x001D_,1.0,2.0,2.0,1,0,1,0,1,0,1,1,1,0,0,0,0,1,0,0,0,0,0,1,0,1,0,0,1,0,0,1,0,0,1,0,0,0,0,1,0,0,0,1,0,0,0,0,0,0,0,1,0,0,0,0,0,0,0,0,0,0
134,1959.026,seni melayu,1959,malaysia,"national gallery of art, malaysia",,,oil,artists paint appearance,,,,,,,385 x 590,385.0,590.0,227150.0,none,none,local_x001D_local loss of cohesion in binder_x001D__x001D__x001D__x001D_,0.0,1.0,2.0,1,1,0,0,0,0,0,0,0,0,0,0,0,1,1,0,0,0,0,1,1,0,0,0,1,0,0,0,0,0,1,0,0,1,0,1,1,0,1,0,0,0,1,0,0,0,0,0,0,0,0,0,0,0,0,0,0,0
135,1998.055,landscape penang beach/ rock forms penang,1950,malaysia,"national gallery of art, malaysia",,to face edge,oil,,,,,,,indentations overall and loss. poor quality wood.,425 x 493,425.0,493.0,209525.0,bisector,none,_x001D_primary vertical_x001D_tight network of small cracks_x001D_local net cracks (primary cracks= secondary cracks)_x001D__x001D_,0.0,2.0,2.0,0,0,1,0,0,0,1,1,1,0,1,0,0,1,1,0,0,1,1,0,0,0,0,1,0,0,0,1,0,0,0,1,0,1,0,1,1,0,1,0,0,0,0,0,0,0,1,0,0,0,0,0,1,0,0,0,0,0
136,1981.010,berhala cina (chinese temple altar),1952,malaysia,"national gallery of art, malaysia",,to face edge,oil,artists paint appearance,,,,,,,765 x  595,765.0,595.0,455175.0,none,none,_x001D__x001D__x001D__x001D__x001D_,0.0,2.0,2.0,1,0,0,0,0,0,0,0,0,0,0,0,0,1,1,0,0,1,0,1,1,0,0,0,1,0,1,0,0,0,0,0,0,1,0,1,1,0,1,0,0,0,0,0,0,0,0,0,0,0,0,0,0,0,0,0,0,0
137,1975.019,alam benda,1953,malaysia,"national gallery of art, malaysia",,to face edge,oil,artists paint appearance,proprietry product,,,,,,598 x 395,598.0,395.0,236210.0,none,none,local_x001D_local net cracks (primary cracks= secondary cracks)_x001D__x001D__x001D__x001D_,0.0,2.0,1.0,1,0,0,0,0,0,0,0,0,0,0,0,0,0,1,0,0,0,0,1,0,0,0,0,1,0,1,0,0,0,0,0,1,1,0,0,0,0,1,1,0,0,0,0,0,0,0,0,0,0,0,0,0,0,0,0,0,0
138,1992.19,Self Portrait,1941,malaysia,"national gallery of art, malaysia",,to face edge,oil,artists paint appearance,,,,,,marouflaged board,570 x 470,570.0,470.0,267900.0,none,none,primary horizontal_x001D_overall grid cracks (follows canvas weave) _x001D_large network of cracks_x001D_cracks in thick paint_x001D__x001D_,2.0,0.0,0.0,0,1,0,0,0,0,0,0,0,0,0,0,0,0,1,0,1,1,0,1,0,1,1,0,1,0,1,0,0,0,0,0,0,0,0,1,1,1,0,0,1,0,0,0,0,1,0,0,0,1,1,0,0,0,0,0,0,0
139,1990.15,portrait 1946 (chung tak mook),1946,malaysia,"national gallery of art, malaysia",,to face edge,oil,artists paint appearance,,,,,,,600 x 310,600.0,310.0,186000.0,none,horizontal members,primary horizontal_x001D_secondary vertical_x001D_local_x001D__x001D__x001D_,2.0,1.0,1.0,0,1,0,0,0,0,0,0,0,0,0,0,0,0,1,1,0,0,1,0,0,0,1,0,1,0,0,1,0,0,1,0,0,0,0,1,1,1,0,0,0,0,0,1,0,0,0,1,0,1,1,0,0,0,0,0,0,0
140,1990.019,kek lok si temple,1955,malaysia,"national gallery of art, malaysia",,,oil,artists paint appearance,,,,,,,640 x 645,640.0,645.0,412800.0,none,none,local_x001D_primary vertical_x001D__x001D__x001D__x001D_,0.0,2.0,1.0,0,0,0,0,0,0,0,0,0,0,0,0,0,1,0,0,0,0,0,0,0,0,0,0,0,0,0,0,0,0,0,0,0,0,0,0,0,0,0,0,0,0,0,0,0,0,0,1,0,1,0,1,0,0,0,0,0,0
141,1962.27,dia- she,1960,malaysia,"national gallery of art, malaysia",,,oil,artists paint appearance,,,,,,wooden battens weak.,1510 x  745,1510.0,745.0,1124950.0,none,none,local_x001D_primary diagonal_x001D__x001D__x001D__x001D_,1.0,1.0,1.0,1,1,1,0,1,0,0,0,1,0,0,0,0,0,1,0,0,1,0,1,1,0,0,0,1,0,0,1,0,0,0,0,1,0,0,1,1,0,0,1,1,1,0,0,0,0,0,0,0,1,1,0,0,0,0,0,0,0
142,1959.47,joget moden,1959,malaysia,"national gallery of art, malaysia",,to face edge,oil,artists paint appearance,,,,,,no wooden batten,,0.0,0.0,0.0,none,none,cracks in thick paint_x001D_local_x001D_local brittle paint_x001D__x001D__x001D_,0.0,2.0,2.0,1,0,0,0,0,0,0,0,0,0,0,0,0,0,1,0,0,0,0,1,1,1,0,0,1,0,0,1,0,0,0,0,0,1,0,1,0,0,1,0,0,0,0,0,0,0,0,0,0,0,0,0,0,0,0,0,0,0
143,,"busy morning-kota tingai, johor",1964,malaysia,"national gallery of art, malaysia",strainer new,,oil,artists paint appearance,,soft? ,local? Malay,,,,,0.0,0.0,0.0,circle,right member,sigmoud cracks_x001D_primary diagonal_x001D_overall net cracks (primary cracks= secondary cracks)_x001D_large network of cracks_x001D_corn ear crack (from front)_x001D_very brittle paint throughout,2.0,1.0,0.0,0,1,0,0,0,0,0,0,0,0,1,1,0,0,1,1,1,1,0,1,1,1,0,0,0,0,0,1,0,0,1,0,0,0,0,1,1,0,0,0,1,1,0,1,0,1,1,0,0,0,0,0,0,0,0,0,1,0
144,1960.1,menuai padi,1960,malaysia,"national gallery of art, malaysia",strainer original,to face edge,oil,artists paint appearance,,,,Malay,local?,,584 x  746,584.0,746.0,435664.0,circle,none,large network of cracks_x001D_overall net cracks (primary cracks= secondary cracks)_x001D_primary diagonal_x001D_tight network of small cracks_x001D__x001D_,0.0,1.0,0.0,1,0,1,0,1,0,0,1,1,1,1,0,0,0,1,0,1,1,0,1,1,0,0,0,1,0,0,1,0,0,0,0,0,0,0,1,1,0,0,0,1,1,0,0,1,0,0,1,0,1,1,1,0,0,0,0,0,0
145,1964.10,gadis melayu (malay girl),1964,malaysia,"national gallery of art, malaysia",strainer original,to side edge,oil,,,soft? ,local? Malay,,,"chamfer good, lightweight, economically but systemeatically made.",,0.0,0.0,0.0,none,none,local_x001D_due to changes or previous treatment_x001D__x001D__x001D__x001D_,1.0,2.0,1.0,1,0,1,0,1,0,0,0,1,1,1,1,0,0,0,0,0,0,0,0,0,1,1,0,1,0,1,0,0,0,1,0,1,0,0,0,0,0,0,0,1,0,0,0,0,1,0,1,0,1,1,0,0,1,0,0,1,0
146,1981.25,penari iban,1964,malaysia,"national gallery of art, malaysia",strainer original,to face edge,oil,artists paint appearance,,hard?,,Malay,local?,,,0.0,0.0,0.0,circle,all edges,local net cracks (primary cracks= secondary cracks)_x001D_cracks in thick & thin paint_x001D_tented paint due to stretched support_x001D__x001D__x001D_,1.0,1.0,1.0,1,0,1,0,1,1,0,0,0,1,1,0,0,0,1,1,1,1,0,1,0,0,0,0,1,0,0,1,0,0,0,0,0,0,0,1,1,0,0,0,1,0,0,0,0,0,1,1,0,1,0,0,0,0,0,0,0,0
147,1963.123,budak dengan burung,1963,malaysia,"national gallery of art, malaysia",,to face edge,oil,artists paint appearance,,,,,,,743 x  593,743.0,593.0,440599.0,none,none,tight network of small cracks_x001D_local net cracks (primary cracks= secondary cracks)_x001D__x001D__x001D__x001D_,0.0,2.0,0.0,1,0,0,0,0,0,0,0,0,0,0,0,0,1,0,0,0,1,0,1,1,0,0,0,1,0,0,1,0,0,0,0,0,0,0,1,1,0,0,0,0,0,0,0,0,0,0,0,0,0,0,0,0,0,0,0,0,0
148,1981.24,rumah panjang dayak,1959,malaysia,"national gallery of art, malaysia",strainer original,to face edge,oil,,,hard?,,Malay,local?,,620 x  753,620.0,753.0,466860.0,none,none,primary diagonal_x001D_tight network of small cracks_x001D_overall grid cracks (follows canvas weave) _x001D_very brittle paint throughout_x001D__x001D_,2.0,1.0,1.0,1,1,0,0,0,0,0,0,1,0,1,1,0,0,1,0,1,1,0,1,1,1,0,0,1,0,0,1,0,0,0,0,0,1,0,1,1,0,1,1,0,0,1,0,0,1,0,1,0,1,0,0,0,0,0,1,0,0
149,1981.14,gadis bali dua beradek,1956,malaysia,"national gallery of art, malaysia",strainer original,to side edge,oil,artists paint appearance,,hard?,,Malay,local?,,795 x  595,795.0,595.0,473025.0,none,none,_x001D__x001D__x001D__x001D__x001D_,1.0,2.0,0.0,1,1,0,0,1,0,1,0,1,1,1,1,0,1,0,0,0,0,0,1,0,0,0,0,1,0,0,0,0,0,1,0,0,0,1,0,0,0,0,1,0,1,0,0,1,0,0,1,0,0,1,0,0,1,0,1,0,0
150,1963.133,di-tepi pantai (seaside),1962,malaysia,"national gallery of art, malaysia",stretcher original,,oil,artists paint appearance,,soft? ,pine,,,,905 x  701,905.0,701.0,634405.0,none,none,very brittle paint throughout_x001D_local net cracks (primary cracks= secondary cracks)_x001D_tented paint due to stretched support_x001D_primary horizontal and vertical_x001D__x001D_,2.0,0.0,2.0,1,1,0,0,1,1,0,0,0,1,1,1,0,0,1,1,1,1,0,0,0,0,0,1,0,0,0,1,0,0,1,0,0,1,0,1,0,0,1,0,0,0,1,0,0,1,0,1,0,1,0,0,0,0,0,1,0,0
151,1963.121,tepak sirih,1962,malaysia,"national gallery of art, malaysia",stretcher original,,oil,mixed media,proprietry product,soft? ,pine,,,keys inserted incorrectly,,0.0,0.0,0.0,none,none,primary horizontal and vertical_x001D_overall net cracks (primary cracks= secondary cracks)_x001D__x001D__x001D__x001D_,2.0,1.0,0.0,1,1,0,0,1,0,0,0,0,1,1,1,0,0,1,1,1,1,1,0,0,0,0,0,0,0,0,1,0,0,0,0,0,0,0,1,0,0,0,0,1,0,0,0,1,0,0,1,0,1,1,0,0,0,0,0,0,0
152,1961.18,Pemandangan (plantscape),1959,malaysia,"national gallery of art, malaysia",strainer original,to side edge,oil,artists paint appearance,,hard?,,Malay,local?,,,0.0,0.0,0.0,none,top member,local_x001D_cracks in thick paint_x001D__x001D__x001D__x001D_,2.0,2.0,1.0,1,1,0,0,1,1,0,0,0,0,1,1,0,1,1,0,0,0,0,0,0,0,0,1,0,0,0,1,0,0,1,0,0,0,0,0,0,0,0,0,1,0,0,0,0,0,0,1,0,0,1,0,0,0,0,0,0,0
153,1981.13,dua wanita ditepi pantal,1945,malaysia,"national gallery of art, malaysia",strainer new,to face edge,oil,mixed media,impasto with filler,,,Malay,local?,,745 x  949,745.0,949.0,707005.0,none,all edges,local_x001D_local net cracks (primary cracks= secondary cracks)_x001D__x001D__x001D__x001D_,2.0,1.0,1.0,0,1,0,0,0,0,0,0,0,0,0,0,0,1,1,0,0,1,0,0,0,0,0,0,1,0,0,1,0,0,0,0,0,0,0,1,0,0,0,0,1,1,0,1,0,0,1,1,0,0,1,0,0,0,0,0,0,0
154,1962.038,sir henry gurney (fed. malaya governor),1953,malaysia,"national gallery of art, malaysia",stretcher original,to side edge,oil,artists paint appearance,pencil underdrawing,soft? ,pine,,,,,0.0,0.0,0.0,none,none,local net cracks (primary cracks= secondary cracks)_x001D__x001D__x001D__x001D__x001D_,2.0,2.0,2.0,1,1,0,0,1,0,0,0,1,1,1,1,0,1,1,0,0,0,0,0,1,0,0,1,0,0,0,1,0,0,1,0,0,1,0,1,0,0,1,1,0,0,0,0,0,0,1,0,0,0,0,0,0,0,0,0,0,0
155,1959.16,dr loke yew,1959,malaysia,"national gallery of art, malaysia",stretcher original,,oil,artists paint appearance,,soft? ,pine,,,,,0.0,0.0,0.0,none,cross bar,local_x001D_primary vertical_x001D_local grid cracks (follows canvas weave)_x001D__x001D__x001D_,0.0,0.0,2.0,1,0,0,0,0,0,0,0,0,0,1,0,0,0,0,0,0,1,0,0,0,0,0,1,0,0,0,0,0,0,1,0,0,1,1,0,0,0,1,0,0,0,0,0,0,0,1,1,0,1,0,0,0,0,0,0,0,0
156,1961.21,view of paris,1961,malaysia,"national gallery of art, malaysia",stretcher original,,oil,artists paint appearance,,hard?,,Malay,local?,,,0.0,0.0,0.0,circle,all edges,local_x001D_primary vertical_x001D_secondary horizontal_x001D_local grid cracks (follows canvas weave)_x001D_large network of cracks_x001D_herringbone cracks (from back),2.0,2.0,2.0,1,1,0,0,0,0,0,0,0,1,1,1,0,1,1,0,0,0,0,1,0,0,0,1,1,0,0,1,0,0,1,0,0,1,0,1,0,0,1,1,0,1,0,0,0,0,1,0,0,0,0,0,0,0,0,1,1,1
157,1990.20,temple deities,1946,malaysia,"national gallery of art, malaysia",,,oil,,,,,,,,882 x  653,882.0,653.0,575946.0,none,none,overall_x001D_primary horizontal_x001D_large network of cracks_x001D_secondary vertical_x001D__x001D_,0.0,1.0,1.0,0,0,0,0,0,0,0,0,0,0,0,0,0,0,0,0,0,1,0,1,0,1,1,0,1,0,0,1,0,0,1,0,0,0,0,1,1,0,0,0,1,0,0,0,1,0,0,0,0,0,1,0,0,0,0,0,0,0
158,1963.115,gadi s korea,1960,malaysia,"national gallery of art, malaysia",stretcher original,,oil,,,soft? ,pine,,,,1004 x  752,1004.0,752.0,755008.0,bisector,none,local_x001D_local net cracks (primary cracks= secondary cracks)_x001D_large network of cracks_x001D__x001D__x001D_,2.0,2.0,1.0,1,1,0,0,0,0,0,0,0,1,1,0,0,1,1,1,1,1,0,1,1,0,1,0,1,0,0,1,1,0,1,0,0,1,0,1,0,0,1,1,0,0,1,0,1,0,0,0,0,0,1,0,0,0,0,0,0,0
159,1992.5,perahu nelayan,1956,malaysia,"national gallery of art, malaysia",,to face edge,oil,artists paint appearance,,,,,,,424 x  592,424.0,592.0,251008.0,none,none,local net cracks (primary cracks= secondary cracks)_x001D__x001D__x001D__x001D__x001D_,0.0,2.0,2.0,1,0,0,0,0,0,0,0,0,0,0,0,0,1,0,0,0,0,0,1,1,1,0,0,1,0,0,1,0,0,0,0,0,1,0,0,0,0,1,0,0,0,0,0,0,0,0,0,0,0,0,0,0,0,0,0,0,0
160,1965.81,dua beradik (two sisters),1962,malaysia,"national gallery of art, malaysia",stretcher original,,oil,artists paint appearance,,soft? ,pine,,,keys inserted incorrectly,1096 x  896,1096.0,896.0,982016.0,bisector,all edges,local net cracks (primary cracks= secondary cracks)_x001D_primary diagonal_x001D_large network of cracks_x001D_local brittle paint_x001D__x001D_,2.0,2.0,2.0,1,1,0,0,1,0,0,0,0,1,1,1,0,1,1,0,1,0,0,1,0,0,0,1,0,0,0,0,1,0,1,0,0,1,0,1,0,0,1,0,0,0,0,0,1,0,0,1,0,1,0,0,0,0,0,1,0,0
161,1970.002,membawa ikan- carrying fish,1960,malaysia,"national gallery of art, malaysia",,to face edge,acrylic,oil,,,,,,,1213 x  903,1213.0,903.0,1095339.0,none,none,local_x001D_local net cracks (primary cracks= secondary cracks)_x001D_tight network of small cracks_x001D__x001D__x001D_,0.0,2.0,1.0,1,0,0,0,0,0,0,0,0,0,0,0,0,1,1,0,1,0,0,0,0,0,0,0,1,0,0,1,0,0,0,0,0,0,0,1,0,0,0,0,1,0,0,0,0,0,0,0,0,0,0,0,0,0,0,0,0,0
162,1962.46,sukiyaki,1962,malaysia,"national gallery of art, malaysia",stretcher original,,mix media,acrylic,enamel,soft? ,pine,,,,,0.0,0.0,0.0,none,none,local_x001D_herringbone cracks (from back)_x001D_local net cracks (primary cracks= secondary cracks)_x001D__x001D__x001D_,2.0,0.0,1.0,1,0,0,0,1,0,0,0,0,1,1,1,0,1,1,0,0,0,0,0,0,1,0,1,0,0,0,0,0,0,1,0,0,0,1,1,0,0,0,0,1,0,0,0,0,0,0,1,0,1,1,0,0,0,0,1,0,0
163,1962.21,memetik daun tembakau di kelantan,1962,malaysia,"national gallery of art, malaysia",stretcher original,,oil,artists paint appearance,,hard?,,Malay,local?,,965 x  1222,965.0,1222.0,1179230.0,none,none,local net cracks (primary cracks= secondary cracks)_x001D_large network of cracks_x001D_cracks in thick paint_x001D__x001D__x001D_,2.0,2.0,2.0,1,1,0,0,0,0,0,0,0,1,1,1,0,1,1,0,1,0,0,0,1,1,0,1,0,0,0,0,0,0,1,0,0,1,0,1,0,0,1,0,0,0,0,0,1,0,0,0,0,1,0,0,0,0,0,0,0,0
164,1958.019,kilang,1958,malaysia,"national gallery of art, malaysia",,to face edge,oil,artists paint appearance,,,,,,,749 x  602,749.0,602.0,450898.0,none,none,_x001D__x001D__x001D__x001D__x001D_,0.0,2.0,2.0,1,0,0,0,0,0,0,0,0,0,0,0,0,1,1,0,0,1,0,0,1,0,1,0,1,0,1,0,0,0,0,0,0,1,0,1,0,0,1,0,0,0,0,0,0,0,0,1,0,0,0,0,0,0,0,0,0,0
165,1990.016,conversation,1941,malaysia,"national gallery of art, malaysia",,to face edge,oil,artists paint appearance,,,,,,,872 x  960,872.0,960.0,837120.0,none,cross bar,overall_x001D_primary vertical_x001D_secondary horizontal_x001D_tight network of small cracks_x001D_overall grid cracks (follows canvas weave) _x001D_,0.0,1.0,1.0,0,0,0,0,0,0,0,0,0,0,0,0,1,1,1,0,0,0,0,1,0,1,1,0,1,0,1,0,0,0,0,0,0,1,0,0,0,0,1,0,1,1,0,0,0,0,0,0,0,0,1,0,0,0,0,0,0,0
166,1963.136,pengantin iperempuan ban (iban bride),1963,malaysia,"national gallery of art, malaysia",stretcher original,,oil,artists paint appearance,,soft? ,pine,,,,,0.0,0.0,0.0,none,none,_x001D__x001D__x001D__x001D__x001D_,2.0,0.0,2.0,1,1,0,0,1,0,0,0,0,1,1,0,0,0,0,0,0,0,0,0,0,0,0,0,1,0,0,0,1,0,1,0,0,1,0,0,0,0,1,1,0,0,1,0,0,0,1,0,0,1,0,0,0,0,0,0,1,0
167,1994.04140,watermelons,1940-1945,singapore,National Heritage Board,strainer original,to side edge,oil,artists paint appearance,,soft? ,pine,,,,603 x  495,603.0,495.0,298485.0,none,none,local_x001D_primary diagonal_x001D_primary vertical_x001D__x001D__x001D_,2.0,2.0,2.0,1,1,0,0,0,0,0,0,0,1,1,1,0,1,1,0,0,0,1,0,0,0,0,1,0,0,0,0,0,0,1,1,0,1,0,1,0,0,1,0,0,0,1,0,0,0,1,0,0,1,0,0,0,0,0,0,0,0
168,1994.04155,temple (peking),1940,singapore,National Heritage Board,strainer new,,oil,artists paint appearance,,,,Malay,local?,"original a. support was a strainer, replaced 1997",594 x 720,594.0,720.0,427680.0,none,none,local_x001D_primary vertical_x001D_large network of cracks_x001D_tented paint due to stretched support_x001D__x001D_,2.0,2.0,2.0,0,1,0,0,0,0,0,0,0,0,1,0,0,1,1,0,0,1,0,0,0,0,1,1,0,0,0,0,0,0,1,0,0,1,0,1,0,0,1,1,0,0,0,0,1,1,0,0,0,1,0,0,0,1,0,0,1,0
169,1998.00707,singapore river,1952,singapore,National Heritage Board,,to face edge,oil,artists paint appearance,,,,,,,393 x  495 ,393.0,495.0,194535.0,none,none,_x001D__x001D__x001D__x001D__x001D_,0.0,2.0,0.0,1,0,0,0,0,0,0,0,0,0,0,0,0,1,0,0,0,0,0,0,0,0,1,0,1,0,0,0,0,0,1,0,0,1,0,0,0,0,1,0,0,0,0,0,0,0,0,0,0,0,0,0,0,0,0,0,0,0
170,lk104,chinese junk,1939,singapore,National Heritage Board,,,oil,,,,,,,,585 x  432,585.0,432.0,252720.0,none,cross bar,primary vertical_x001D_local_x001D_large network of cracks_x001D_herringbone cracks (from back)_x001D__x001D_,0.0,0.0,1.0,0,0,0,0,0,0,0,0,0,0,0,0,0,0,1,0,0,0,1,0,0,0,1,1,0,0,0,1,0,0,0,0,0,1,0,1,0,0,1,0,0,0,0,0,1,0,0,0,0,0,0,0,0,1,0,0,0,0
171,"1991.225, p1333",portrait of lim hak tai,1939,singapore,National Heritage Board,,,oil,artists paint appearance,,,,,,,450 x 388 ,450.0,388.0,174600.0,none,none,_x001D_local grid cracks (follows canvas weave)_x001D__x001D__x001D__x001D_,0.0,2.0,2.0,1,0,0,0,0,0,0,0,0,1,0,0,0,1,0,0,0,1,0,1,0,0,0,1,0,0,0,0,0,0,1,0,0,1,0,1,0,0,1,0,0,0,0,0,0,0,0,1,0,0,1,0,0,0,0,0,0,0
172,2001.2503,old nafa at st thomas walk,1954,singapore,National Heritage Board,,to face edge,oil,artists paint appearance,,,,,,,394 x  493,394.0,493.0,194242.0,none,none,local_x001D_local brittle paint_x001D__x001D__x001D__x001D_,0.0,0.0,0.0,1,0,0,0,0,0,0,0,0,1,0,0,0,0,1,0,0,1,0,0,1,0,1,0,1,0,1,0,0,0,0,1,0,0,0,1,0,0,0,1,0,0,0,0,0,0,0,0,0,1,1,0,0,0,0,0,0,0
173,1994.04122,girl with long hair,1940-1945,singapore,National Heritage Board,strainer original,to side edge,oil,,,hard?,,Malay,local?,,260 x  213,260.0,213.0,55380.0,none,none,_x001D__x001D__x001D__x001D__x001D_,2.0,2.0,3.0,1,1,0,0,0,0,0,0,0,1,1,1,0,1,0,0,0,0,0,1,0,0,0,1,0,0,0,0,0,0,1,0,0,1,0,0,0,0,1,0,0,0,1,0,0,0,1,0,0,0,0,0,0,0,0,0,0,0
174,2003.04134,sunflowers,1930,singapore,National Heritage Board,strainer new,to side edge,oil,artists paint appearance,,hard?,,Malay,local?,,,0.0,0.0,0.0,none,none,primary horizontal_x001D_large network of cracks_x001D_overall_x001D_cracks in thick paint_x001D_very brittle paint throughout_x001D_,2.0,1.0,1.0,0,1,0,0,0,0,0,0,0,1,1,1,0,0,1,0,1,1,0,0,0,0,0,1,0,0,0,0,0,0,1,0,0,0,0,1,0,0,0,0,0,0,0,0,1,0,0,1,0,1,1,0,0,0,0,0,0,0
175,1999.00062,nafa- st. thomas walk,1956,singapore,National Heritage Board,,to face edge,tempera,oil,,,,,,,398 x  497,398.0,497.0,197806.0,none,none,local_x001D_primary vertical_x001D_tight network of small cracks_x001D_solid support expanding: major_x001D__x001D_,0.0,2.0,2.0,1,0,0,0,0,0,0,0,0,1,0,0,0,1,1,0,0,0,0,0,0,0,0,0,1,0,0,1,0,0,0,0,0,1,0,0,0,0,1,1,0,0,1,0,0,0,0,0,0,0,0,0,0,0,0,0,0,0
176,1995.2074,boats at rest,1948,singapore,National Heritage Board,,,oil,artists paint appearance,,,,,,,225 x  273,225.0,273.0,61425.0,none,none,primary vertical_x001D_secondary horizontal_x001D_local_x001D_tight network of small cracks_x001D_local grid cracks (follows canvas weave)_x001D_,0.0,1.0,0.0,0,0,0,0,0,0,0,0,0,1,0,0,0,0,1,0,1,1,0,0,0,1,1,1,0,0,0,0,0,0,1,0,0,0,0,1,0,0,0,0,1,0,0,0,1,0,0,0,0,1,1,0,0,0,0,0,0,0
177,1991.870,tend cows,1951,singapore,National Heritage Board,,to face edge,oil,proprietry product,,,,,,,398 x  705,398.0,705.0,280590.0,none,none,_x001D__x001D__x001D__x001D__x001D_,0.0,2.0,1.0,1,0,0,0,0,0,0,0,0,1,0,0,0,1,1,0,0,1,0,0,1,0,0,0,1,0,0,1,0,0,0,0,1,0,0,0,0,0,0,0,0,0,0,0,0,0,0,1,0,1,1,0,0,0,0,0,0,0
178,1994.02074,afternoon rest,1951,singapore,National Heritage Board,,,oil,artists paint appearance,,,,,,,246 x  346,246.0,346.0,85116.0,none,none,cracks in thick paint_x001D_local_x001D_solid support expanding: minor_x001D__x001D__x001D_,0.0,2.0,1.0,0,0,0,0,0,0,0,0,0,1,0,0,0,1,0,0,0,1,0,1,0,0,1,1,0,0,0,0,0,0,1,0,0,0,0,1,0,0,0,0,1,0,0,0,0,0,0,0,0,0,1,0,0,0,0,0,0,0
179,2001.2488,portrait of an indian girl,1934,singapore,National Heritage Board,,to face edge,oil,artists paint appearance,,,,,,,,0.0,0.0,0.0,none,none,primary diagonal_x001D_local_x001D__x001D__x001D__x001D_,0.0,0.0,1.0,1,0,0,0,0,0,0,0,0,1,0,0,0,0,1,0,0,1,0,1,0,0,0,0,1,0,0,1,0,0,0,1,0,0,0,1,0,0,0,0,1,0,0,0,0,0,0,0,0,0,0,0,0,0,0,0,0,0
180,1994.00611,joget,1957,singapore,National Heritage Board,,to face edge,oil,artists paint appearance,,,,,,,,0.0,0.0,0.0,none,none,_x001D__x001D__x001D__x001D__x001D_,0.0,2.0,1.0,1,0,0,0,0,0,0,0,0,0,0,0,0,1,0,0,0,1,0,0,0,0,1,0,1,0,1,0,0,0,0,0,0,0,1,0,0,0,0,0,1,0,0,0,0,0,0,0,0,0,1,0,0,0,0,0,0,0
181,1998.00706,riot,1955,singapore,National Heritage Board,,to side edge,oil,emulsion paint,,,,,,,495 x  889,495.0,889.0,440055.0,none,none,local net cracks (primary cracks= secondary cracks)_x001D_tight network of small cracks_x001D__x001D__x001D__x001D_,0.0,2.0,2.0,1,0,0,0,0,0,0,0,0,1,0,0,0,1,0,0,0,0,0,0,0,1,0,0,1,0,0,1,0,0,0,0,0,1,1,0,0,0,1,1,0,0,0,0,0,0,0,0,0,0,0,0,0,0,0,0,0,0
182,1998.00153 ,fort canning,1955,singapore,National Heritage Board,,to face edge,acrylic,oil,,,,,,,635 x 784,635.0,784.0,497840.0,none,none,local_x001D_cracks in thick paint_x001D_local brittle paint_x001D__x001D__x001D_,0.0,0.0,2.0,1,0,0,0,0,0,0,0,0,0,0,0,0,0,1,1,1,1,1,0,1,0,1,0,1,0,1,0,0,0,0,0,0,0,0,1,0,0,0,0,1,0,0,0,0,0,0,1,0,0,1,0,0,0,0,0,0,0
183,P1151,composition,1955,singapore,National Heritage Board,,to face edge,emulsion,oil,,,,,,,723 x   1000,723.0,1000.0,723000.0,none,none,_x001D__x001D__x001D__x001D__x001D_,0.0,2.0,2.0,1,0,0,0,0,0,0,0,0,0,0,0,0,1,0,0,0,0,0,0,0,0,0,0,1,0,1,0,0,0,0,0,0,0,1,0,0,0,0,0,0,0,0,0,0,0,0,0,0,1,1,0,0,0,0,0,0,0
184,1991.00871,seaside,1951,singapore,National Heritage Board,,to face edge,oil,artists paint appearance,,,,,,,399 x 494,399.0,494.0,197106.0,none,none,_x001D__x001D__x001D__x001D__x001D_,0.0,2.0,2.0,1,0,0,0,0,0,0,0,0,0,0,0,0,1,0,0,0,0,0,0,0,0,0,0,1,0,0,1,0,0,0,0,0,1,0,0,0,0,1,0,0,0,0,0,0,0,0,0,0,0,0,0,0,0,0,0,0,0
185,p0968,indian workers celaring the jungle,1955,singapore,National Heritage Board,,,acrylic,emulsion,,,,,,,745 x  1008,745.0,1008.0,750960.0,none,none,_x001D__x001D__x001D__x001D__x001D_,0.0,2.0,1.0,1,0,0,0,0,0,0,0,0,0,0,0,0,1,0,0,0,1,0,0,0,0,0,0,1,0,0,1,0,0,0,0,0,0,1,1,0,0,0,0,0,0,0,0,0,0,0,0,0,0,1,0,0,0,0,0,0,0
186,1991.00869,young girl,1948,singapore,National Heritage Board,,to face edge,oil,artists paint appearance,,,,,,,540 x  643,540.0,643.0,347220.0,none,none,primary vertical_x001D_solid support expanding: major_x001D__x001D__x001D__x001D_,0.0,2.0,0.0,1,0,0,0,0,0,0,0,0,0,0,0,0,1,1,0,0,0,0,0,0,0,1,0,1,0,1,0,0,0,0,0,1,0,0,1,0,0,0,1,1,1,0,1,1,1,0,0,0,0,1,0,0,0,0,0,0,0
187,lk165,countryside in france,1930,singapore,National Heritage Board,strainer original,to side edge,oil,artists paint appearance,,,jelutong,Malay,local?,,449 x  536,449.0,536.0,240664.0,none,none,primary horizontal_x001D_secondary vertical_x001D__x001D__x001D__x001D_,2.0,2.0,2.0,1,1,0,0,1,0,0,0,0,0,1,1,0,1,1,0,1,0,0,0,0,0,0,1,0,0,0,1,0,0,1,1,0,0,0,1,0,0,0,0,0,1,1,0,0,0,1,1,0,1,1,0,0,0,0,0,0,0
188,2003.03258,working  at the fields,1933,singapore,National Heritage Board,,,oil,artists paint appearance,,,,,,,,0.0,0.0,0.0,circle,none,overall_x001D_primary vertical_x001D_overall net cracks (primary cracks= secondary cracks)_x001D_large network of cracks_x001D_tight network of small cracks_x001D_,0.0,1.0,1.0,0,0,0,0,0,0,0,0,0,1,0,0,0,0,1,1,1,1,0,1,0,0,1,1,0,0,0,1,0,0,1,0,0,0,0,1,1,0,0,0,1,1,0,0,1,0,0,1,0,0,1,0,0,0,0,0,0,0
189,"2003.03250, lk011",seafood,1932,singapore,National Heritage Board,,,oil,artists paint appearance,,,,,,,449 x  537,449.0,537.0,241113.0,none,none,_x001D__x001D__x001D__x001D__x001D_,0.0,2.0,2.0,1,0,0,0,0,0,0,0,0,0,0,0,0,1,0,0,0,0,1,0,0,0,0,1,0,0,0,1,0,0,1,0,0,0,1,0,0,0,0,0,0,0,0,0,1,0,0,0,0,0,1,0,0,0,0,0,0,0
190,2003.03249/ lk 009,boat near cliff,1931,singapore,National Heritage Board,strainer original,,oil,artists paint appearance,,hard?,,Malay,local?,,526 x  715,526.0,715.0,376090.0,none,none,local_x001D_primary horizontal_x001D_large network of cracks_x001D__x001D__x001D_,2.0,2.0,1.0,1,1,0,0,1,1,0,0,0,0,1,1,0,1,1,0,0,0,0,0,0,0,1,1,0,0,0,0,0,0,0,1,0,1,0,1,0,0,1,0,0,1,0,0,1,0,0,0,0,0,0,0,0,0,0,0,0,0
191,lk106/ 2003.03247,slope,1931,singapore,National Heritage Board,,to side edge,oil,artists paint appearance,,,,,,,636 x  485,636.0,485.0,308460.0,none,none,local_x001D_primary horizontal_x001D_cracks in thick paint_x001D__x001D__x001D_,0.0,2.0,2.0,0,0,0,0,0,0,0,0,0,0,0,0,0,1,0,1,1,0,1,0,0,0,1,1,0,0,0,0,0,0,1,1,0,0,1,1,0,0,0,0,0,0,0,1,1,0,0,1,0,0,1,1,0,0,0,0,0,0
192,"lk133, 2003.03339",mosque in malaysia (?),1949,singapore,National Heritage Board,strainer new,,oil,artists paint appearance,,,jelutong,Malay,local?,,,0.0,0.0,0.0,none,none,local_x001D_primary horizontal_x001D_large network of cracks_x001D_local net cracks (primary cracks= secondary cracks)_x001D_cracks in thick paint_x001D_,2.0,2.0,1.0,0,1,0,0,0,0,0,0,0,1,1,0,0,1,1,0,0,1,0,0,0,0,0,0,1,0,0,1,0,0,1,1,0,0,0,1,0,0,0,0,1,0,0,0,1,0,0,0,0,1,1,0,0,0,0,0,0,0
193,p.0124,indian and cows,1948,singapore,National Heritage Board,,,oil,,,,,,,pin holes and rust marks along edge indicate previous stretching,753 x  1045,753.0,1045.0,786885.0,none,none,local grid cracks (follows canvas weave)_x001D__x001D__x001D__x001D__x001D_,0.0,2.0,1.0,0,0,0,0,0,0,0,0,0,0,0,0,0,1,0,0,0,1,0,0,0,0,0,1,0,0,0,1,0,0,1,0,0,0,1,1,0,0,0,0,0,0,0,1,1,0,0,0,0,0,1,0,0,0,0,0,0,0
194,gi.0105.pc,bailenese woman,1952,singapore,National Heritage Board,,to face edge,oil,artists paint appearance,,,,,,,752 x  604,752.0,604.0,454208.0,none,none,local_x001D_local grid cracks (follows canvas weave)_x001D_tight network of small cracks_x001D__x001D__x001D_,0.0,2.0,2.0,1,0,0,0,0,0,0,0,0,0,0,0,0,1,1,0,0,0,0,0,0,0,1,1,0,0,0,0,0,0,1,0,0,1,0,1,0,0,1,0,0,0,1,0,0,0,0,0,0,0,1,0,0,0,0,0,0,0
195,1994.05003,fishing nets,1950,singapore,National Heritage Board,strainer new,to face edge,oil,artists paint appearance,,hard?,,Malay,local?,,905 x  1065,905.0,1065.0,963825.0,none,left member,cracks in thick paint_x001D_local_x001D_primary vertical_x001D__x001D__x001D_,2.0,2.0,2.0,0,1,0,0,0,0,0,0,0,0,1,0,0,1,1,0,0,0,0,1,0,0,0,0,1,0,0,1,0,0,0,1,0,1,0,1,0,0,1,1,0,0,0,0,1,0,0,0,0,1,0,0,0,0,0,0,0,0
196,1993.01722,grooming hair,1952,singapore,National Heritage Board,stretcher original,,oil,artists paint appearance,,soft? ,pine,,,,1200 x  996,1200.0,996.0,1195200.0,none,right member,local_x001D_herringbone cracks (from back)_x001D_local net cracks (primary cracks= secondary cracks)_x001D_large network of cracks_x001D__x001D_,2.0,2.0,2.0,1,1,0,0,1,0,0,0,1,1,1,1,0,1,0,0,0,1,0,0,0,0,0,1,0,0,0,1,0,0,0,0,0,1,1,0,0,0,1,0,0,1,1,1,0,1,0,1,0,0,0,1,0,1,0,0,0,0
197,1993.01673,weaving,1952,singapore,National Heritage Board,,,oil,artists paint appearance,,,,,,,905 x  1085,905.0,1085.0,981925.0,none,none,_x001D__x001D__x001D__x001D__x001D_,0.0,2.0,0.0,0,0,0,0,0,0,0,0,0,1,0,0,0,1,0,0,0,1,1,0,0,0,1,1,0,0,0,0,0,0,1,0,0,0,0,1,0,0,0,0,1,0,0,0,0,0,0,1,0,0,1,0,0,0,0,0,0,0
198,1993-01698,fort,1946,singapore,National Heritage Board,,to face edge,oil,artists paint appearance,,,,,,,368 x  452,368.0,452.0,166336.0,none,none,_x001D__x001D__x001D__x001D__x001D_,0.0,2.0,0.0,1,0,0,0,0,0,0,0,0,1,0,0,0,1,1,0,0,0,0,0,0,0,1,1,0,0,0,0,0,0,0,0,0,0,0,1,0,0,0,0,1,0,0,0,0,0,0,1,0,1,1,0,0,0,0,0,0,0
199,1964.11,meniup dengan hidung,1963,malaysia,"national gallery of art, malaysia",strainer original,to face edge,oil,,,,jelutong,Malay,local?,well constructed,268 x 242 ,268.0,242.0,64856.0,circle,none,overall_x001D_large network of cracks_x001D_primary diagonal_x001D_primary vertical_x001D__x001D_,2.0,0.0,3.0,1,1,0,0,1,0,0,0,0,1,1,0,0,0,0,0,0,0,0,0,0,0,0,0,1,0,0,1,0,0,0,0,0,1,0,1,1,0,1,0,0,0,0,0,0,0,1,1,0,0,0,0,0,0,0,0,0,0
200,32/2521,maha jataka royal ceremony in 1788 reign of king rama i,1887,thailand,"the national gallery, bangkok",,,tempera,,,,,,,,385 x 602,385.0,602.0,231770.0,none,none,local grid cracks (follows canvas weave)_x001D_cracks in thick paint_x001D__x001D__x001D__x001D_,0.0,0.0,2.0,1,0,0,0,0,0,0,0,0,0,0,0,0,0,1,1,1,1,0,0,0,0,1,0,1,0,0,1,0,0,1,0,0,0,0,1,1,0,0,0,0,0,0,0,1,0,0,1,0,0,1,0,0,0,0,0,0,0
201,48/2520,founding of capital reign of king rama uthong,1887,thailand,"the national gallery, bangkok",,,tempera,,,,,,,,468 x 748,468.0,748.0,350064.0,none,none,overall_x001D_primary horizontal_x001D_tight network of small cracks_x001D__x001D__x001D_,0.0,1.0,2.0,1,0,0,0,0,0,0,0,0,0,0,0,0,0,1,1,1,1,0,0,0,0,1,0,1,0,0,1,0,0,0,0,0,0,0,1,1,0,0,0,0,0,0,0,1,0,0,0,0,0,1,0,0,0,0,0,0,0
202,1994.4142,bananas in a basket,1953-1955,singapore,National Heritage Board,strainer original,,oil,,,soft? ,local? Malay,,,stable and secure,540 x 360,540.0,360.0,194400.0,none,none,_x001D__x001D__x001D__x001D__x001D_,2.0,3.0,2.0,1,1,0,0,0,0,0,0,0,0,1,1,0,1,0,0,0,0,0,1,0,0,0,1,0,0,0,0,0,1,1,0,0,1,1,1,0,0,1,0,0,0,0,0,0,0,1,0,0,1,0,0,0,0,0,0,0,0
203,ppc:020.200,unknown (portrait of a chinese man in blue),1928,singapore,National Heritage Board,stretcher original,to side edge,oil,pencil underdrawing,,hard?,,Malay,local?,"non keys, hand locally constructed according to western construction.",676 x 525,676.0,525.0,354900.0,none,vertical members,cracks in thin paint_x001D_overall grid cracks (follows canvas weave) _x001D_tight network of small cracks_x001D__x001D__x001D_,2.0,2.0,2.0,1,1,0,0,0,0,0,0,0,1,1,1,0,1,1,0,0,0,0,0,0,0,0,1,0,0,0,0,0,0,1,1,0,1,1,0,0,0,1,0,0,0,0,0,1,0,0,0,0,1,1,0,0,1,0,0,0,0
204,P06086,singapore harbour,1850s (circa & undated),singapore,National Heritage Board,strainer original,,oil,,,soft? ,pine,,,appears to have wooden pegs across join like traditional chinese furniture construction.,432 x 755,432.0,755.0,326160.0,circle,none,tight network of small cracks_x001D_overall grid cracks (follows canvas weave) _x001D_sigmoud cracks_x001D__x001D__x001D_,2.0,2.0,2.0,1,1,0,0,0,0,0,0,1,0,1,1,0,1,1,0,0,0,0,0,0,1,1,1,0,0,0,1,0,0,1,0,0,1,1,1,0,0,1,0,0,0,0,0,0,0,1,0,0,0,0,0,0,0,0,0,0,0
205,2002.0219,rizal,1902,philippines,National Heritage Board,stretcher original,,oil,,,soft? ,local? Philippines,,,hand constructed ,,0.0,0.0,0.0,none,none,tight network of small cracks_x001D_overall grid cracks (follows canvas weave) _x001D__x001D__x001D__x001D_,2.0,1.0,2.0,1,1,0,0,1,1,0,0,1,0,1,1,0,0,0,0,0,1,1,0,0,0,0,1,0,0,0,0,0,1,1,0,0,1,0,1,0,0,1,0,0,0,1,0,0,0,1,0,0,0,0,0,0,0,0,0,0,0
206,1999.1627,king rama iii,1930s (circa & undated),thailand,National Heritage Board,stretcher new,,oil,,,hard?,,Thailand,local?,"new stretcher, custom built, well constructed but hard wood indicating local manufacture and conservation.",420 x 310,420.0,310.0,130200.0,none,all edges,_x001D__x001D__x001D__x001D__x001D_,2.0,3.0,2.0,0,1,0,0,0,0,0,0,0,0,1,1,0,1,0,0,0,1,0,0,0,0,1,1,0,0,0,0,0,0,1,1,0,1,0,1,0,1,1,0,0,1,0,0,0,0,1,0,0,0,0,0,0,0,0,0,1,0
207,2002.217,Fish Pond in Malabon,1942,philippines,National Heritage Board,stretcher original,to face edge,oil,pencil underdrawing,,hard?,,Philippines,local?,well constructed,,0.0,0.0,0.0,circle,none,overall net cracks (primary cracks= secondary cracks)_x001D_primary vertical_x001D_large network of cracks_x001D_cracks in thick & thin paint_x001D__x001D_,2.0,2.0,2.0,1,1,0,0,0,0,0,0,0,0,1,1,0,1,1,0,0,0,0,0,0,0,1,0,1,0,1,0,1,0,1,1,0,1,0,1,0,0,1,0,0,0,1,0,0,0,0,0,0,0,0,0,0,1,0,0,0,0
